--
-- PostgreSQL database dump
--

\restrict DOSNZU2dQemtHkSqUBXNSoFBPSi55KUQZjPRwJsHZZo30Mne14xiFr88Xi5ZSIm

-- Dumped from database version 16.14 (Debian 16.14-1.pgdg13+1)
-- Dumped by pg_dump version 16.14 (Debian 16.14-1.pgdg13+1)

SET statement_timeout = 0;
SET lock_timeout = 0;
SET idle_in_transaction_session_timeout = 0;
SET client_encoding = 'UTF8';
SET standard_conforming_strings = on;
SELECT pg_catalog.set_config('search_path', '', false);
SET check_function_bodies = false;
SET xmloption = content;
SET client_min_messages = warning;
SET row_security = off;

SET default_tablespace = '';

SET default_table_access_method = heap;

--
-- Name: exception_report; Type: TABLE; Schema: public; Owner: -
--

CREATE TABLE public.exception_report (
    created_at timestamp(6) with time zone NOT NULL,
    id bigint NOT NULL,
    reported_by bigint NOT NULL,
    resolved_at timestamp(6) with time zone,
    session_id bigint,
    description text NOT NULL,
    resolution_note text,
    status character varying(255) NOT NULL,
    type character varying(255) NOT NULL,
    CONSTRAINT exception_report_status_check CHECK (((status)::text = ANY ((ARRAY['OPEN'::character varying, 'RESOLVED'::character varying])::text[]))),
    CONSTRAINT exception_report_type_check CHECK (((type)::text = ANY ((ARRAY['LOST_TICKET'::character varying, 'WRONG_PLATE'::character varying, 'OVERTIME'::character varying, 'WRONG_ZONE'::character varying])::text[])))
);


--
-- Name: exception_report_id_seq; Type: SEQUENCE; Schema: public; Owner: -
--

ALTER TABLE public.exception_report ALTER COLUMN id ADD GENERATED BY DEFAULT AS IDENTITY (
    SEQUENCE NAME public.exception_report_id_seq
    START WITH 1
    INCREMENT BY 1
    NO MINVALUE
    NO MAXVALUE
    CACHE 1
);


--
-- Name: feedback; Type: TABLE; Schema: public; Owner: -
--

CREATE TABLE public.feedback (
    rating smallint NOT NULL,
    created_at timestamp(6) with time zone NOT NULL,
    id bigint NOT NULL,
    session_id bigint NOT NULL,
    user_id bigint NOT NULL,
    comment character varying(500)
);


--
-- Name: feedback_id_seq; Type: SEQUENCE; Schema: public; Owner: -
--

ALTER TABLE public.feedback ALTER COLUMN id ADD GENERATED BY DEFAULT AS IDENTITY (
    SEQUENCE NAME public.feedback_id_seq
    START WITH 1
    INCREMENT BY 1
    NO MINVALUE
    NO MAXVALUE
    CACHE 1
);


--
-- Name: floor; Type: TABLE; Schema: public; Owner: -
--

CREATE TABLE public.floor (
    level integer NOT NULL,
    building_id bigint NOT NULL,
    created_at timestamp(6) with time zone NOT NULL,
    id bigint NOT NULL,
    vehicle_type_id bigint,
    name character varying(255) NOT NULL
);


--
-- Name: floor_id_seq; Type: SEQUENCE; Schema: public; Owner: -
--

ALTER TABLE public.floor ALTER COLUMN id ADD GENERATED BY DEFAULT AS IDENTITY (
    SEQUENCE NAME public.floor_id_seq
    START WITH 1
    INCREMENT BY 1
    NO MINVALUE
    NO MAXVALUE
    CACHE 1
);


--
-- Name: monthly_pass; Type: TABLE; Schema: public; Owner: -
--

CREATE TABLE public.monthly_pass (
    valid_from date NOT NULL,
    valid_until date NOT NULL,
    created_at timestamp(6) with time zone NOT NULL,
    id bigint NOT NULL,
    payment_id bigint,
    user_id bigint NOT NULL,
    vehicle_type_id bigint NOT NULL,
    license_plate character varying(255) NOT NULL,
    status character varying(255) NOT NULL,
    CONSTRAINT monthly_pass_status_check CHECK (((status)::text = ANY ((ARRAY['PENDING'::character varying, 'ACTIVE'::character varying, 'EXPIRED'::character varying])::text[])))
);


--
-- Name: monthly_pass_id_seq; Type: SEQUENCE; Schema: public; Owner: -
--

ALTER TABLE public.monthly_pass ALTER COLUMN id ADD GENERATED BY DEFAULT AS IDENTITY (
    SEQUENCE NAME public.monthly_pass_id_seq
    START WITH 1
    INCREMENT BY 1
    NO MINVALUE
    NO MAXVALUE
    CACHE 1
);


--
-- Name: parking_building; Type: TABLE; Schema: public; Owner: -
--

CREATE TABLE public.parking_building (
    created_at timestamp(6) with time zone NOT NULL,
    id bigint NOT NULL,
    address character varying(255),
    name character varying(255) NOT NULL
);


--
-- Name: parking_building_id_seq; Type: SEQUENCE; Schema: public; Owner: -
--

ALTER TABLE public.parking_building ALTER COLUMN id ADD GENERATED BY DEFAULT AS IDENTITY (
    SEQUENCE NAME public.parking_building_id_seq
    START WITH 1
    INCREMENT BY 1
    NO MINVALUE
    NO MAXVALUE
    CACHE 1
);


--
-- Name: parking_session; Type: TABLE; Schema: public; Owner: -
--

CREATE TABLE public.parking_session (
    amount_charged numeric(38,2),
    auto_allocated boolean NOT NULL,
    deposit_credit numeric(38,2),
    from_reservation boolean NOT NULL,
    check_in_at timestamp(6) with time zone NOT NULL,
    check_out_at timestamp(6) with time zone,
    id bigint NOT NULL,
    slot_id bigint NOT NULL,
    user_id bigint,
    vehicle_type_id bigint NOT NULL,
    license_plate character varying(255) NOT NULL,
    status character varying(255) NOT NULL,
    ticket_code character varying(255) NOT NULL,
    allocation_score jsonb,
    CONSTRAINT parking_session_status_check CHECK (((status)::text = ANY ((ARRAY['ACTIVE'::character varying, 'AWAITING_PAYMENT'::character varying, 'COMPLETED'::character varying])::text[])))
);


--
-- Name: parking_session_id_seq; Type: SEQUENCE; Schema: public; Owner: -
--

ALTER TABLE public.parking_session ALTER COLUMN id ADD GENERATED BY DEFAULT AS IDENTITY (
    SEQUENCE NAME public.parking_session_id_seq
    START WITH 1
    INCREMENT BY 1
    NO MINVALUE
    NO MAXVALUE
    CACHE 1
);


--
-- Name: parking_slot; Type: TABLE; Schema: public; Owner: -
--

CREATE TABLE public.parking_slot (
    created_at timestamp(6) with time zone NOT NULL,
    floor_id bigint NOT NULL,
    id bigint NOT NULL,
    code character varying(255) NOT NULL,
    status character varying(255) NOT NULL,
    CONSTRAINT parking_slot_status_check CHECK (((status)::text = ANY ((ARRAY['AVAILABLE'::character varying, 'OCCUPIED'::character varying, 'RESERVED'::character varying, 'MAINTENANCE'::character varying, 'LOCKED'::character varying])::text[])))
);


--
-- Name: parking_slot_id_seq; Type: SEQUENCE; Schema: public; Owner: -
--

ALTER TABLE public.parking_slot ALTER COLUMN id ADD GENERATED BY DEFAULT AS IDENTITY (
    SEQUENCE NAME public.parking_slot_id_seq
    START WITH 1
    INCREMENT BY 1
    NO MINVALUE
    NO MAXVALUE
    CACHE 1
);


--
-- Name: password_reset_token; Type: TABLE; Schema: public; Owner: -
--

CREATE TABLE public.password_reset_token (
    used boolean NOT NULL,
    created_at timestamp(6) with time zone NOT NULL,
    expires_at timestamp(6) with time zone NOT NULL,
    id bigint NOT NULL,
    user_id bigint NOT NULL,
    token character varying(64) NOT NULL
);


--
-- Name: password_reset_token_id_seq; Type: SEQUENCE; Schema: public; Owner: -
--

ALTER TABLE public.password_reset_token ALTER COLUMN id ADD GENERATED BY DEFAULT AS IDENTITY (
    SEQUENCE NAME public.password_reset_token_id_seq
    START WITH 1
    INCREMENT BY 1
    NO MINVALUE
    NO MAXVALUE
    CACHE 1
);


--
-- Name: payment; Type: TABLE; Schema: public; Owner: -
--

CREATE TABLE public.payment (
    amount numeric(38,2) NOT NULL,
    penalty_amount numeric(38,2) NOT NULL,
    created_at timestamp(6) with time zone NOT NULL,
    id bigint NOT NULL,
    paid_at timestamp(6) with time zone,
    processed_by_staff_id bigint,
    session_id bigint,
    voided_at timestamp(6) with time zone,
    description character varying(255),
    gateway_ref character varying(255),
    gateway_response_code character varying(255),
    gateway_txn_no character varying(255),
    method character varying(255),
    status character varying(255) NOT NULL,
    void_reason character varying(255),
    CONSTRAINT payment_method_check CHECK (((method)::text = ANY ((ARRAY['CASH'::character varying, 'ONLINE'::character varying, 'VNPAY'::character varying])::text[]))),
    CONSTRAINT payment_status_check CHECK (((status)::text = ANY ((ARRAY['PENDING'::character varying, 'PAID'::character varying, 'VOIDED'::character varying])::text[])))
);


--
-- Name: payment_id_seq; Type: SEQUENCE; Schema: public; Owner: -
--

ALTER TABLE public.payment ALTER COLUMN id ADD GENERATED BY DEFAULT AS IDENTITY (
    SEQUENCE NAME public.payment_id_seq
    START WITH 1
    INCREMENT BY 1
    NO MINVALUE
    NO MAXVALUE
    CACHE 1
);


--
-- Name: pricing_policy; Type: TABLE; Schema: public; Owner: -
--

CREATE TABLE public.pricing_policy (
    daily_cap numeric(38,2),
    grace_minutes integer NOT NULL,
    is_active boolean NOT NULL,
    monthly_pass_price numeric(38,2),
    peak_multiplier numeric(38,2) NOT NULL,
    rate_per_hour numeric(38,2) NOT NULL,
    created_at timestamp(6) with time zone NOT NULL,
    id bigint NOT NULL,
    vehicle_type_id bigint NOT NULL
);


--
-- Name: pricing_policy_id_seq; Type: SEQUENCE; Schema: public; Owner: -
--

ALTER TABLE public.pricing_policy ALTER COLUMN id ADD GENERATED BY DEFAULT AS IDENTITY (
    SEQUENCE NAME public.pricing_policy_id_seq
    START WITH 1
    INCREMENT BY 1
    NO MINVALUE
    NO MAXVALUE
    CACHE 1
);


--
-- Name: reservation; Type: TABLE; Schema: public; Owner: -
--

CREATE TABLE public.reservation (
    deposit_amount numeric(38,2),
    building_id bigint,
    created_at timestamp(6) with time zone NOT NULL,
    deposit_payment_id bigint,
    hold_until timestamp(6) with time zone NOT NULL,
    id bigint NOT NULL,
    reserved_start timestamp(6) with time zone,
    slot_id bigint,
    user_id bigint NOT NULL,
    vehicle_type_id bigint NOT NULL,
    license_plate character varying(255) NOT NULL,
    reservation_type character varying(255) NOT NULL,
    status character varying(255) NOT NULL,
    allocation_score jsonb,
    CONSTRAINT reservation_reservation_type_check CHECK (((reservation_type)::text = ANY ((ARRAY['FREE'::character varying, 'PAID'::character varying])::text[]))),
    CONSTRAINT reservation_status_check CHECK (((status)::text = ANY ((ARRAY['PENDING'::character varying, 'FULFILLED'::character varying, 'CANCELLED'::character varying, 'EXPIRED'::character varying])::text[])))
);


--
-- Name: reservation_id_seq; Type: SEQUENCE; Schema: public; Owner: -
--

ALTER TABLE public.reservation ALTER COLUMN id ADD GENERATED BY DEFAULT AS IDENTITY (
    SEQUENCE NAME public.reservation_id_seq
    START WITH 1
    INCREMENT BY 1
    NO MINVALUE
    NO MAXVALUE
    CACHE 1
);


--
-- Name: users; Type: TABLE; Schema: public; Owner: -
--

CREATE TABLE public.users (
    active boolean NOT NULL,
    created_at timestamp(6) with time zone NOT NULL,
    id bigint NOT NULL,
    email character varying(255) NOT NULL,
    full_name character varying(255) NOT NULL,
    password_hash character varying(255) NOT NULL,
    role character varying(255) NOT NULL,
    CONSTRAINT users_role_check CHECK (((role)::text = ANY ((ARRAY['ADMIN'::character varying, 'MANAGER'::character varying, 'STAFF'::character varying, 'USER'::character varying])::text[])))
);


--
-- Name: users_id_seq; Type: SEQUENCE; Schema: public; Owner: -
--

ALTER TABLE public.users ALTER COLUMN id ADD GENERATED BY DEFAULT AS IDENTITY (
    SEQUENCE NAME public.users_id_seq
    START WITH 1
    INCREMENT BY 1
    NO MINVALUE
    NO MAXVALUE
    CACHE 1
);


--
-- Name: vehicle_type; Type: TABLE; Schema: public; Owner: -
--

CREATE TABLE public.vehicle_type (
    created_at timestamp(6) with time zone NOT NULL,
    id bigint NOT NULL,
    description character varying(255),
    name character varying(255) NOT NULL
);


--
-- Name: vehicle_type_id_seq; Type: SEQUENCE; Schema: public; Owner: -
--

ALTER TABLE public.vehicle_type ALTER COLUMN id ADD GENERATED BY DEFAULT AS IDENTITY (
    SEQUENCE NAME public.vehicle_type_id_seq
    START WITH 1
    INCREMENT BY 1
    NO MINVALUE
    NO MAXVALUE
    CACHE 1
);


--
-- Data for Name: exception_report; Type: TABLE DATA; Schema: public; Owner: -
--

INSERT INTO public.exception_report (created_at, id, reported_by, resolved_at, session_id, description, resolution_note, status, type) VALUES ('2026-06-30 12:57:33.516849+00', 1, 3, '2026-06-27 12:57:33.516855+00', 1, 'Driver lost paper ticket. Verified entry via CCTV at 08:15. Plate: 51F-123.45.', 'Confirmed via CCTV. Charged standard rate + lost ticket penalty.', 'RESOLVED', 'LOST_TICKET');
INSERT INTO public.exception_report (created_at, id, reported_by, resolved_at, session_id, description, resolution_note, status, type) VALUES ('2026-06-30 12:57:33.517363+00', 2, 3, '2026-06-28 12:57:33.517364+00', 2, 'Plate mismatch at exit: entry 51G-111.22, exit scan reads 51G-111.23. Likely OCR error.', 'Manual override. OCR misread ''2'' as ''3''. Visual match confirmed.', 'RESOLVED', 'WRONG_PLATE');
INSERT INTO public.exception_report (created_at, id, reported_by, resolved_at, session_id, description, resolution_note, status, type) VALUES ('2026-06-30 12:57:33.517589+00', 3, 3, NULL, 236, 'Vehicle parked 26 hours (overnight). Driver claims forgot to pick up. Plate: 30A-333.44.', NULL, 'OPEN', 'OVERTIME');
INSERT INTO public.exception_report (created_at, id, reported_by, resolved_at, session_id, description, resolution_note, status, type) VALUES ('2026-06-30 12:57:33.5178+00', 4, 3, NULL, 315, 'Motorbike parked in slot A-05 on Level 1 (preferred for Cars). AI suggested Level 2 but driver chose manually.', NULL, 'OPEN', 'WRONG_ZONE');
INSERT INTO public.exception_report (created_at, id, reported_by, resolved_at, session_id, description, resolution_note, status, type) VALUES ('2026-06-30 12:57:33.518009+00', 5, 3, NULL, 334, 'Driver cannot find QR ticket. Vehicle still in slot B-12. Plate: 51H-555.66.', NULL, 'OPEN', 'LOST_TICKET');
INSERT INTO public.exception_report (created_at, id, reported_by, resolved_at, session_id, description, resolution_note, status, type) VALUES ('2026-06-30 12:57:33.518228+00', 6, 3, '2026-06-29 12:57:33.51823+00', 148, 'Vehicle overstayed by 8 hours. Driver paid penalty at booth.', 'Penalty of 50,000 VND collected. Session closed.', 'RESOLVED', 'OVERTIME');


--
-- Data for Name: feedback; Type: TABLE DATA; Schema: public; Owner: -
--

INSERT INTO public.feedback (rating, created_at, id, session_id, user_id, comment) VALUES (5, '2026-06-30 12:57:33.518493+00', 1, 1, 9, 'Very convenient parking system. The auto-allocation saved me a lot of time!');
INSERT INTO public.feedback (rating, created_at, id, session_id, user_id, comment) VALUES (4, '2026-06-30 12:57:33.519131+00', 2, 29, 8, 'Staff was helpful when I had trouble with the check-out process.');
INSERT INTO public.feedback (rating, created_at, id, session_id, user_id, comment) VALUES (3, '2026-06-30 12:57:33.519335+00', 3, 57, 4, 'Good location but could use better lighting on Level 2.');
INSERT INTO public.feedback (rating, created_at, id, session_id, user_id, comment) VALUES (5, '2026-06-30 12:57:33.519578+00', 4, 85, 4, 'The online payment is super fast. Love the QR code feature!');
INSERT INTO public.feedback (rating, created_at, id, session_id, user_id, comment) VALUES (2, '2026-06-30 12:57:33.519772+00', 5, 113, 8, 'Waited too long for the gate to open. Needs improvement.');
INSERT INTO public.feedback (rating, created_at, id, session_id, user_id, comment) VALUES (5, '2026-06-30 12:57:33.519953+00', 6, 141, 7, 'Clean and well-organized parking building. Will come back!');
INSERT INTO public.feedback (rating, created_at, id, session_id, user_id, comment) VALUES (4, '2026-06-30 12:57:33.520101+00', 7, 169, 4, 'Price is reasonable for the area. Monthly pass is a great deal.');
INSERT INTO public.feedback (rating, created_at, id, session_id, user_id, comment) VALUES (5, '2026-06-30 12:57:33.520211+00', 8, 197, 5, 'The app is easy to use. Found my slot quickly with auto-allocation.');
INSERT INTO public.feedback (rating, created_at, id, session_id, user_id, comment) VALUES (3, '2026-06-30 12:57:33.520318+00', 9, 225, 8, 'Had an issue with wrong plate detection but staff resolved it fast.');
INSERT INTO public.feedback (rating, created_at, id, session_id, user_id, comment) VALUES (4, '2026-06-30 12:57:33.520427+00', 10, 253, 6, 'Great experience overall. The reservation feature is very useful.');
INSERT INTO public.feedback (rating, created_at, id, session_id, user_id, comment) VALUES (4, '2026-06-30 12:57:33.520533+00', 11, 281, 7, 'Parking space was a bit tight for my SUV.');
INSERT INTO public.feedback (rating, created_at, id, session_id, user_id, comment) VALUES (5, '2026-06-30 12:57:33.520624+00', 12, 309, 6, 'Excellent service! The EV charging bay is a nice touch.');


--
-- Data for Name: floor; Type: TABLE DATA; Schema: public; Owner: -
--

INSERT INTO public.floor (level, building_id, created_at, id, vehicle_type_id, name) VALUES (1, 1, '2026-06-30 12:57:33.266782+00', 1, 1, 'Level 1');
INSERT INTO public.floor (level, building_id, created_at, id, vehicle_type_id, name) VALUES (2, 1, '2026-06-30 12:57:33.284089+00', 2, 2, 'Level 2');
INSERT INTO public.floor (level, building_id, created_at, id, vehicle_type_id, name) VALUES (3, 1, '2026-06-30 12:57:33.300228+00', 3, 3, 'Level 3');
INSERT INTO public.floor (level, building_id, created_at, id, vehicle_type_id, name) VALUES (4, 1, '2026-06-30 12:57:33.310456+00', 4, NULL, 'Roof (mixed)');
INSERT INTO public.floor (level, building_id, created_at, id, vehicle_type_id, name) VALUES (1, 2, '2026-06-30 12:57:33.322208+00', 5, 1, 'Ground - Car');
INSERT INTO public.floor (level, building_id, created_at, id, vehicle_type_id, name) VALUES (2, 2, '2026-06-30 12:57:33.335469+00', 6, 2, 'Basement - Motorbike');


--
-- Data for Name: monthly_pass; Type: TABLE DATA; Schema: public; Owner: -
--

INSERT INTO public.monthly_pass (valid_from, valid_until, created_at, id, payment_id, user_id, vehicle_type_id, license_plate, status) VALUES ('2026-06-25', '2026-07-25', '2026-06-30 12:57:33.512568+00', 1, 345, 4, 2, '59C-123.45', 'ACTIVE');
INSERT INTO public.monthly_pass (valid_from, valid_until, created_at, id, payment_id, user_id, vehicle_type_id, license_plate, status) VALUES ('2026-06-28', '2026-07-28', '2026-06-30 12:57:33.513616+00', 2, 346, 4, 1, '51F-00777', 'ACTIVE');
INSERT INTO public.monthly_pass (valid_from, valid_until, created_at, id, payment_id, user_id, vehicle_type_id, license_plate, status) VALUES ('2026-05-26', '2026-06-25', '2026-06-30 12:57:33.514225+00', 3, 347, 5, 1, '51F-123.45', 'EXPIRED');
INSERT INTO public.monthly_pass (valid_from, valid_until, created_at, id, payment_id, user_id, vehicle_type_id, license_plate, status) VALUES ('2026-06-20', '2026-07-20', '2026-06-30 12:57:33.514623+00', 4, 348, 6, 1, '59C-678.90', 'ACTIVE');
INSERT INTO public.monthly_pass (valid_from, valid_until, created_at, id, payment_id, user_id, vehicle_type_id, license_plate, status) VALUES ('2026-06-30', '2026-07-30', '2026-06-30 12:57:33.515011+00', 5, 349, 7, 2, '51G-111.22', 'PENDING');


--
-- Data for Name: parking_building; Type: TABLE DATA; Schema: public; Owner: -
--

INSERT INTO public.parking_building (created_at, id, address, name) VALUES ('2026-06-30 12:57:33.265353+00', 1, '12 Le Loi, District 1', 'Downtown Garage');
INSERT INTO public.parking_building (created_at, id, address, name) VALUES ('2026-06-30 12:57:33.320828+00', 2, 'FPT University, Thu Duc', 'Campus Parking');


--
-- Data for Name: parking_session; Type: TABLE DATA; Schema: public; Owner: -
--

INSERT INTO public.parking_session (amount_charged, auto_allocated, deposit_credit, from_reservation, check_in_at, check_out_at, id, slot_id, user_id, vehicle_type_id, license_plate, status, ticket_code, allocation_score) VALUES (10000.00, false, NULL, false, '2026-05-31 18:30:00+00', '2026-05-31 19:25:00+00', 1, 79, 9, 1, '51D-18093', 'COMPLETED', 'ff843168-9704-4bae-828b-11d8bbfb1153', NULL);
INSERT INTO public.parking_session (amount_charged, auto_allocated, deposit_credit, from_reservation, check_in_at, check_out_at, id, slot_id, user_id, vehicle_type_id, license_plate, status, ticket_code, allocation_score) VALUES (30000.00, false, NULL, false, '2026-05-31 07:56:00+00', '2026-05-31 08:58:00+00', 2, 25, 10, 3, '51L-72209', 'COMPLETED', '833023e5-6934-4950-89ba-68ad93dace8f', NULL);
INSERT INTO public.parking_session (amount_charged, auto_allocated, deposit_credit, from_reservation, check_in_at, check_out_at, id, slot_id, user_id, vehicle_type_id, license_plate, status, ticket_code, allocation_score) VALUES (15000.00, false, NULL, false, '2026-05-31 18:23:00+00', '2026-05-31 21:14:00+00', 3, 55, 10, 2, '51T-98246', 'COMPLETED', '27cbd1d2-2379-43cc-98d6-b3a3592c3f32', NULL);
INSERT INTO public.parking_session (amount_charged, auto_allocated, deposit_credit, from_reservation, check_in_at, check_out_at, id, slot_id, user_id, vehicle_type_id, license_plate, status, ticket_code, allocation_score) VALUES (50000.00, false, NULL, false, '2026-05-31 12:17:00+00', '2026-05-31 16:34:00+00', 4, 45, 5, 1, '51P-81164', 'COMPLETED', '2e031803-386c-4b2b-8bf5-73407e063536', NULL);
INSERT INTO public.parking_session (amount_charged, auto_allocated, deposit_credit, from_reservation, check_in_at, check_out_at, id, slot_id, user_id, vehicle_type_id, license_plate, status, ticket_code, allocation_score) VALUES (25000.00, true, NULL, false, '2026-05-31 08:35:00+00', '2026-05-31 12:59:00+00', 5, 24, 10, 2, '51B-48443', 'COMPLETED', 'b078a4f4-e298-44a8-91c6-2be1e25c8e57', NULL);
INSERT INTO public.parking_session (amount_charged, auto_allocated, deposit_credit, from_reservation, check_in_at, check_out_at, id, slot_id, user_id, vehicle_type_id, license_plate, status, ticket_code, allocation_score) VALUES (15000.00, true, NULL, false, '2026-05-31 09:20:00+00', '2026-05-31 10:00:00+00', 6, 75, 4, 3, '51X-26003', 'COMPLETED', '1f596184-e604-408e-bb5b-1225cea4bbbe', NULL);
INSERT INTO public.parking_session (amount_charged, auto_allocated, deposit_credit, from_reservation, check_in_at, check_out_at, id, slot_id, user_id, vehicle_type_id, license_plate, status, ticket_code, allocation_score) VALUES (45000.00, false, NULL, false, '2026-06-01 08:14:00+00', '2026-06-01 10:22:00+00', 7, 58, 9, 3, '51F-82390', 'COMPLETED', 'c3087a51-7bd8-498a-8944-3c8c840d84fa', NULL);
INSERT INTO public.parking_session (amount_charged, auto_allocated, deposit_credit, from_reservation, check_in_at, check_out_at, id, slot_id, user_id, vehicle_type_id, license_plate, status, ticket_code, allocation_score) VALUES (10000.00, true, NULL, false, '2026-06-01 08:53:00+00', '2026-06-01 10:49:00+00', 8, 28, 7, 2, '51V-18200', 'COMPLETED', '659eee3c-742c-4f5b-b027-8193dac02be2', NULL);
INSERT INTO public.parking_session (amount_charged, auto_allocated, deposit_credit, from_reservation, check_in_at, check_out_at, id, slot_id, user_id, vehicle_type_id, license_plate, status, ticket_code, allocation_score) VALUES (15000.00, true, NULL, false, '2026-06-01 17:33:00+00', '2026-06-01 18:12:00+00', 9, 51, 7, 3, '51N-23747', 'COMPLETED', 'c97e055c-2efc-4747-a642-d987b2d051fc', NULL);
INSERT INTO public.parking_session (amount_charged, auto_allocated, deposit_credit, from_reservation, check_in_at, check_out_at, id, slot_id, user_id, vehicle_type_id, license_plate, status, ticket_code, allocation_score) VALUES (30000.00, false, NULL, false, '2026-06-01 20:03:00+00', '2026-06-01 22:42:00+00', 10, 62, 7, 1, '51G-29870', 'COMPLETED', 'aabfbab8-2bb8-41d4-8f74-1e5f11243ad6', NULL);
INSERT INTO public.parking_session (amount_charged, auto_allocated, deposit_credit, from_reservation, check_in_at, check_out_at, id, slot_id, user_id, vehicle_type_id, license_plate, status, ticket_code, allocation_score) VALUES (10000.00, false, NULL, false, '2026-06-01 20:31:00+00', '2026-06-01 21:10:00+00', 11, 24, 8, 1, '51S-42846', 'COMPLETED', '6fba49de-70d0-43db-9916-0155b8b83494', NULL);
INSERT INTO public.parking_session (amount_charged, auto_allocated, deposit_credit, from_reservation, check_in_at, check_out_at, id, slot_id, user_id, vehicle_type_id, license_plate, status, ticket_code, allocation_score) VALUES (30000.00, false, NULL, false, '2026-06-01 09:30:00+00', '2026-06-01 11:46:00+00', 12, 86, 6, 1, '51B-30246', 'COMPLETED', 'cc83c884-b2d0-411b-8fd8-75d6d2d3f2b5', NULL);
INSERT INTO public.parking_session (amount_charged, auto_allocated, deposit_credit, from_reservation, check_in_at, check_out_at, id, slot_id, user_id, vehicle_type_id, license_plate, status, ticket_code, allocation_score) VALUES (15000.00, false, NULL, false, '2026-06-01 18:12:00+00', '2026-06-01 19:04:00+00', 13, 26, 9, 3, '51Q-42352', 'COMPLETED', '67465dd4-30ab-442d-a236-bc66ba711dbf', NULL);
INSERT INTO public.parking_session (amount_charged, auto_allocated, deposit_credit, from_reservation, check_in_at, check_out_at, id, slot_id, user_id, vehicle_type_id, license_plate, status, ticket_code, allocation_score) VALUES (25000.00, true, NULL, false, '2026-06-01 07:08:00+00', '2026-06-01 11:23:00+00', 14, 15, 5, 2, '51R-01373', 'COMPLETED', 'fb146cde-5d9f-42cf-92f0-b2438e9c72c4', NULL);
INSERT INTO public.parking_session (amount_charged, auto_allocated, deposit_credit, from_reservation, check_in_at, check_out_at, id, slot_id, user_id, vehicle_type_id, license_plate, status, ticket_code, allocation_score) VALUES (10000.00, false, NULL, false, '2026-06-01 18:23:00+00', '2026-06-01 20:11:00+00', 15, 28, 9, 2, '51L-01630', 'COMPLETED', '34b65eeb-5a8f-4359-a0c9-b8f65fa39ff4', NULL);
INSERT INTO public.parking_session (amount_charged, auto_allocated, deposit_credit, from_reservation, check_in_at, check_out_at, id, slot_id, user_id, vehicle_type_id, license_plate, status, ticket_code, allocation_score) VALUES (60000.00, true, NULL, false, '2026-06-01 08:19:00+00', '2026-06-01 12:09:00+00', 16, 60, 10, 3, '51T-42284', 'COMPLETED', '984b89c8-139c-4b29-a066-45b6e089016f', NULL);
INSERT INTO public.parking_session (amount_charged, auto_allocated, deposit_credit, from_reservation, check_in_at, check_out_at, id, slot_id, user_id, vehicle_type_id, license_plate, status, ticket_code, allocation_score) VALUES (75000.00, false, NULL, false, '2026-06-01 08:30:00+00', '2026-06-01 12:50:00+00', 17, 71, 10, 3, '51V-66324', 'COMPLETED', 'f0c32da8-1149-4904-8615-5f94d6aefdc3', NULL);
INSERT INTO public.parking_session (amount_charged, auto_allocated, deposit_credit, from_reservation, check_in_at, check_out_at, id, slot_id, user_id, vehicle_type_id, license_plate, status, ticket_code, allocation_score) VALUES (10000.00, false, NULL, false, '2026-06-01 19:21:00+00', '2026-06-01 20:03:00+00', 18, 21, 6, 1, '51K-74046', 'COMPLETED', '2b1a834c-22f5-44f1-a10b-219a5f777d41', NULL);
INSERT INTO public.parking_session (amount_charged, auto_allocated, deposit_credit, from_reservation, check_in_at, check_out_at, id, slot_id, user_id, vehicle_type_id, license_plate, status, ticket_code, allocation_score) VALUES (30000.00, true, NULL, false, '2026-06-01 14:05:00+00', '2026-06-01 15:11:00+00', 19, 48, 5, 3, '51F-63398', 'COMPLETED', 'c7be22a0-ba1c-47e2-b48e-6f67156515ca', NULL);
INSERT INTO public.parking_session (amount_charged, auto_allocated, deposit_credit, from_reservation, check_in_at, check_out_at, id, slot_id, user_id, vehicle_type_id, license_plate, status, ticket_code, allocation_score) VALUES (30000.00, true, NULL, false, '2026-06-01 14:59:00+00', '2026-06-01 16:58:00+00', 20, 77, 8, 3, '51G-16209', 'COMPLETED', 'd757e8b7-2651-403a-8fe8-d0fc21e636ae', NULL);
INSERT INTO public.parking_session (amount_charged, auto_allocated, deposit_credit, from_reservation, check_in_at, check_out_at, id, slot_id, user_id, vehicle_type_id, license_plate, status, ticket_code, allocation_score) VALUES (50000.00, true, NULL, false, '2026-06-01 12:37:00+00', '2026-06-01 16:49:00+00', 21, 45, 4, 1, '51O-90150', 'COMPLETED', '8f0a3931-13d2-48ec-9c28-129c9a941321', NULL);
INSERT INTO public.parking_session (amount_charged, auto_allocated, deposit_credit, from_reservation, check_in_at, check_out_at, id, slot_id, user_id, vehicle_type_id, license_plate, status, ticket_code, allocation_score) VALUES (15000.00, true, NULL, false, '2026-06-02 08:59:00+00', '2026-06-02 11:40:00+00', 22, 23, 10, 2, '51V-24181', 'COMPLETED', '8e43c78c-732e-416d-a0a5-8f5265de8186', NULL);
INSERT INTO public.parking_session (amount_charged, auto_allocated, deposit_credit, from_reservation, check_in_at, check_out_at, id, slot_id, user_id, vehicle_type_id, license_plate, status, ticket_code, allocation_score) VALUES (60000.00, true, NULL, false, '2026-06-02 12:16:00+00', '2026-06-02 15:59:00+00', 23, 18, 9, 3, '51D-46417', 'COMPLETED', 'dfdb448e-30b6-497d-9124-ac66a2702fe6', NULL);
INSERT INTO public.parking_session (amount_charged, auto_allocated, deposit_credit, from_reservation, check_in_at, check_out_at, id, slot_id, user_id, vehicle_type_id, license_plate, status, ticket_code, allocation_score) VALUES (40000.00, true, NULL, false, '2026-06-02 09:07:00+00', '2026-06-02 13:07:00+00', 24, 11, 9, 1, '51E-51486', 'COMPLETED', 'daa64fc2-26bb-4f99-85b8-4a5469265e85', NULL);
INSERT INTO public.parking_session (amount_charged, auto_allocated, deposit_credit, from_reservation, check_in_at, check_out_at, id, slot_id, user_id, vehicle_type_id, license_plate, status, ticket_code, allocation_score) VALUES (20000.00, true, NULL, false, '2026-06-02 18:01:00+00', '2026-06-02 21:42:00+00', 25, 69, 5, 2, '51Z-80245', 'COMPLETED', 'dd175359-9383-4c75-b1ca-8fe650ec89a4', NULL);
INSERT INTO public.parking_session (amount_charged, auto_allocated, deposit_credit, from_reservation, check_in_at, check_out_at, id, slot_id, user_id, vehicle_type_id, license_plate, status, ticket_code, allocation_score) VALUES (40000.00, true, NULL, false, '2026-06-02 09:59:00+00', '2026-06-02 13:08:00+00', 26, 86, 11, 1, '51S-76509', 'COMPLETED', 'e5e35fab-5d19-449b-bae5-aea746986e29', NULL);
INSERT INTO public.parking_session (amount_charged, auto_allocated, deposit_credit, from_reservation, check_in_at, check_out_at, id, slot_id, user_id, vehicle_type_id, license_plate, status, ticket_code, allocation_score) VALUES (15000.00, true, NULL, false, '2026-06-02 17:05:00+00', '2026-06-02 19:22:00+00', 27, 5, 10, 2, '51S-66340', 'COMPLETED', '9d730af1-73c1-4d20-b204-2d2ee447d83f', NULL);
INSERT INTO public.parking_session (amount_charged, auto_allocated, deposit_credit, from_reservation, check_in_at, check_out_at, id, slot_id, user_id, vehicle_type_id, license_plate, status, ticket_code, allocation_score) VALUES (15000.00, true, NULL, false, '2026-06-02 09:06:00+00', '2026-06-02 11:22:00+00', 28, 15, 8, 2, '51F-20399', 'COMPLETED', 'ad1b2a68-6c33-4caf-9b43-8138474e77a9', NULL);
INSERT INTO public.parking_session (amount_charged, auto_allocated, deposit_credit, from_reservation, check_in_at, check_out_at, id, slot_id, user_id, vehicle_type_id, license_plate, status, ticket_code, allocation_score) VALUES (40000.00, true, NULL, false, '2026-06-02 14:19:00+00', '2026-06-02 17:57:00+00', 29, 1, 8, 1, '51E-11018', 'COMPLETED', '346b1324-0bea-42a0-a3c5-2bbecad6a896', NULL);
INSERT INTO public.parking_session (amount_charged, auto_allocated, deposit_credit, from_reservation, check_in_at, check_out_at, id, slot_id, user_id, vehicle_type_id, license_plate, status, ticket_code, allocation_score) VALUES (60000.00, true, NULL, false, '2026-06-02 12:03:00+00', '2026-06-02 15:28:00+00', 30, 56, 9, 3, '51X-00189', 'COMPLETED', 'd8b80ca3-82bf-4bcd-8f75-95fd4f512250', NULL);
INSERT INTO public.parking_session (amount_charged, auto_allocated, deposit_credit, from_reservation, check_in_at, check_out_at, id, slot_id, user_id, vehicle_type_id, license_plate, status, ticket_code, allocation_score) VALUES (30000.00, false, NULL, false, '2026-06-02 18:13:00+00', '2026-06-02 20:56:00+00', 31, 5, 7, 1, '51V-39938', 'COMPLETED', '9c221b52-e20b-440a-8f60-f9e4f331f91e', NULL);
INSERT INTO public.parking_session (amount_charged, auto_allocated, deposit_credit, from_reservation, check_in_at, check_out_at, id, slot_id, user_id, vehicle_type_id, license_plate, status, ticket_code, allocation_score) VALUES (15000.00, false, NULL, false, '2026-06-02 08:55:00+00', '2026-06-02 09:38:00+00', 32, 52, 9, 3, '51B-45005', 'COMPLETED', '6b6566a5-6ffb-42a7-9521-7c5e45d963a2', NULL);
INSERT INTO public.parking_session (amount_charged, auto_allocated, deposit_credit, from_reservation, check_in_at, check_out_at, id, slot_id, user_id, vehicle_type_id, license_plate, status, ticket_code, allocation_score) VALUES (30000.00, true, NULL, false, '2026-06-02 14:29:00+00', '2026-06-02 19:40:00+00', 33, 15, 11, 2, '51K-53593', 'COMPLETED', 'ebd9dd82-4191-4be6-92c0-49c677a36fa8', NULL);
INSERT INTO public.parking_session (amount_charged, auto_allocated, deposit_credit, from_reservation, check_in_at, check_out_at, id, slot_id, user_id, vehicle_type_id, license_plate, status, ticket_code, allocation_score) VALUES (25000.00, true, NULL, false, '2026-06-02 18:37:00+00', '2026-06-02 23:20:00+00', 34, 27, 11, 2, '51V-87794', 'COMPLETED', '24301bc0-9d0c-433d-947d-ce39cc6c25ba', NULL);
INSERT INTO public.parking_session (amount_charged, auto_allocated, deposit_credit, from_reservation, check_in_at, check_out_at, id, slot_id, user_id, vehicle_type_id, license_plate, status, ticket_code, allocation_score) VALUES (50000.00, false, NULL, false, '2026-06-02 18:22:00+00', '2026-06-02 22:25:00+00', 35, 84, 5, 1, '51M-28557', 'COMPLETED', '5ef0d732-2c36-4fc5-bc4d-4b922d5e38aa', NULL);
INSERT INTO public.parking_session (amount_charged, auto_allocated, deposit_credit, from_reservation, check_in_at, check_out_at, id, slot_id, user_id, vehicle_type_id, license_plate, status, ticket_code, allocation_score) VALUES (10000.00, true, NULL, false, '2026-06-03 19:32:00+00', '2026-06-03 20:09:00+00', 36, 40, 7, 1, '51X-31680', 'COMPLETED', '5bb468b9-e0e9-45a7-9885-4b9b2f7a4898', NULL);
INSERT INTO public.parking_session (amount_charged, auto_allocated, deposit_credit, from_reservation, check_in_at, check_out_at, id, slot_id, user_id, vehicle_type_id, license_plate, status, ticket_code, allocation_score) VALUES (30000.00, false, NULL, false, '2026-06-03 12:06:00+00', '2026-06-03 17:32:00+00', 37, 51, 10, 2, '51Z-66718', 'COMPLETED', '325cd494-4770-4100-9718-63f164093b30', NULL);
INSERT INTO public.parking_session (amount_charged, auto_allocated, deposit_credit, from_reservation, check_in_at, check_out_at, id, slot_id, user_id, vehicle_type_id, license_plate, status, ticket_code, allocation_score) VALUES (30000.00, true, NULL, false, '2026-06-03 08:14:00+00', '2026-06-03 09:49:00+00', 38, 65, 4, 3, '51U-27952', 'COMPLETED', '116bbcc9-55e4-450e-9e63-3daa717b480d', NULL);
INSERT INTO public.parking_session (amount_charged, auto_allocated, deposit_credit, from_reservation, check_in_at, check_out_at, id, slot_id, user_id, vehicle_type_id, license_plate, status, ticket_code, allocation_score) VALUES (50000.00, true, NULL, false, '2026-06-03 18:25:00+00', '2026-06-03 22:30:00+00', 39, 2, 11, 1, '51E-86848', 'COMPLETED', '5bfdea61-3775-4fea-904b-4ef59b301994', NULL);
INSERT INTO public.parking_session (amount_charged, auto_allocated, deposit_credit, from_reservation, check_in_at, check_out_at, id, slot_id, user_id, vehicle_type_id, license_plate, status, ticket_code, allocation_score) VALUES (20000.00, true, NULL, false, '2026-06-03 18:26:00+00', '2026-06-03 22:08:00+00', 40, 21, 7, 2, '51B-63347', 'COMPLETED', '73b22d8c-2e8f-4c0f-83fa-80d7717a8a1c', NULL);
INSERT INTO public.parking_session (amount_charged, auto_allocated, deposit_credit, from_reservation, check_in_at, check_out_at, id, slot_id, user_id, vehicle_type_id, license_plate, status, ticket_code, allocation_score) VALUES (20000.00, true, NULL, false, '2026-06-03 09:41:00+00', '2026-06-03 13:41:00+00', 41, 38, 6, 2, '51T-96337', 'COMPLETED', '89460e27-96f2-4744-854b-db64d655c5e7', NULL);
INSERT INTO public.parking_session (amount_charged, auto_allocated, deposit_credit, from_reservation, check_in_at, check_out_at, id, slot_id, user_id, vehicle_type_id, license_plate, status, ticket_code, allocation_score) VALUES (5000.00, false, NULL, false, '2026-06-03 07:47:00+00', '2026-06-03 08:30:00+00', 42, 57, 9, 2, '51C-19193', 'COMPLETED', '3ebd9f5c-4b36-4fec-b509-2398eb646b92', NULL);
INSERT INTO public.parking_session (amount_charged, auto_allocated, deposit_credit, from_reservation, check_in_at, check_out_at, id, slot_id, user_id, vehicle_type_id, license_plate, status, ticket_code, allocation_score) VALUES (75000.00, false, NULL, false, '2026-06-03 20:48:00+00', '2026-06-04 01:12:00+00', 43, 28, 10, 3, '51J-84711', 'COMPLETED', 'e623e26d-7322-49aa-8c32-86d9311ed368', NULL);
INSERT INTO public.parking_session (amount_charged, auto_allocated, deposit_credit, from_reservation, check_in_at, check_out_at, id, slot_id, user_id, vehicle_type_id, license_plate, status, ticket_code, allocation_score) VALUES (15000.00, false, NULL, false, '2026-06-03 20:41:00+00', '2026-06-03 22:55:00+00', 44, 76, 8, 2, '51C-03391', 'COMPLETED', 'c2a486d9-35a7-4d95-b27d-375bbcc5b000', NULL);
INSERT INTO public.parking_session (amount_charged, auto_allocated, deposit_credit, from_reservation, check_in_at, check_out_at, id, slot_id, user_id, vehicle_type_id, license_plate, status, ticket_code, allocation_score) VALUES (10000.00, true, NULL, false, '2026-06-03 18:01:00+00', '2026-06-03 18:52:00+00', 45, 61, 7, 1, '51M-90360', 'COMPLETED', 'c7f25233-ebb0-4757-a0ab-4f430e5b1ad9', NULL);
INSERT INTO public.parking_session (amount_charged, auto_allocated, deposit_credit, from_reservation, check_in_at, check_out_at, id, slot_id, user_id, vehicle_type_id, license_plate, status, ticket_code, allocation_score) VALUES (75000.00, false, NULL, false, '2026-06-03 09:01:00+00', '2026-06-03 13:29:00+00', 46, 48, 8, 3, '51J-53559', 'COMPLETED', '779fdb8d-5a64-45d4-8e02-6110d3c37d1b', NULL);
INSERT INTO public.parking_session (amount_charged, auto_allocated, deposit_credit, from_reservation, check_in_at, check_out_at, id, slot_id, user_id, vehicle_type_id, license_plate, status, ticket_code, allocation_score) VALUES (30000.00, true, NULL, false, '2026-06-03 09:14:00+00', '2026-06-03 11:23:00+00', 47, 72, 9, 1, '51H-56557', 'COMPLETED', '923925fd-fa73-4503-be4a-f77d15a8dcea', NULL);
INSERT INTO public.parking_session (amount_charged, auto_allocated, deposit_credit, from_reservation, check_in_at, check_out_at, id, slot_id, user_id, vehicle_type_id, license_plate, status, ticket_code, allocation_score) VALUES (50000.00, true, NULL, false, '2026-06-04 18:45:00+00', '2026-06-04 23:01:00+00', 48, 61, 9, 1, '51L-62148', 'COMPLETED', '69dc1c16-3c26-4582-9bf0-29271e42e7cc', NULL);
INSERT INTO public.parking_session (amount_charged, auto_allocated, deposit_credit, from_reservation, check_in_at, check_out_at, id, slot_id, user_id, vehicle_type_id, license_plate, status, ticket_code, allocation_score) VALUES (10000.00, true, NULL, false, '2026-06-04 14:36:00+00', '2026-06-04 15:07:00+00', 49, 17, 6, 1, '51E-01204', 'COMPLETED', 'da1d0168-499b-41d4-b0cd-178368dfdc4f', NULL);
INSERT INTO public.parking_session (amount_charged, auto_allocated, deposit_credit, from_reservation, check_in_at, check_out_at, id, slot_id, user_id, vehicle_type_id, license_plate, status, ticket_code, allocation_score) VALUES (5000.00, true, NULL, false, '2026-06-04 07:16:00+00', '2026-06-04 07:49:00+00', 50, 71, 4, 2, '51R-24823', 'COMPLETED', 'f4e97567-175f-4eab-989c-3440056b2e8d', NULL);
INSERT INTO public.parking_session (amount_charged, auto_allocated, deposit_credit, from_reservation, check_in_at, check_out_at, id, slot_id, user_id, vehicle_type_id, license_plate, status, ticket_code, allocation_score) VALUES (60000.00, false, NULL, false, '2026-06-04 09:44:00+00', '2026-06-04 14:48:00+00', 51, 55, 6, 1, '51K-24934', 'COMPLETED', 'f1802a3c-e23e-43da-91a2-283666fc8e74', NULL);
INSERT INTO public.parking_session (amount_charged, auto_allocated, deposit_credit, from_reservation, check_in_at, check_out_at, id, slot_id, user_id, vehicle_type_id, license_plate, status, ticket_code, allocation_score) VALUES (60000.00, true, NULL, false, '2026-06-04 17:48:00+00', '2026-06-04 21:13:00+00', 52, 14, 7, 3, '51H-22051', 'COMPLETED', 'f73837b3-343d-45ca-8a64-c64f82fdf57b', NULL);
INSERT INTO public.parking_session (amount_charged, auto_allocated, deposit_credit, from_reservation, check_in_at, check_out_at, id, slot_id, user_id, vehicle_type_id, license_plate, status, ticket_code, allocation_score) VALUES (30000.00, true, NULL, false, '2026-06-04 14:18:00+00', '2026-06-04 15:30:00+00', 53, 10, 7, 3, '51A-37230', 'COMPLETED', '83328499-93d2-4d7f-b116-9c77fde051b7', NULL);
INSERT INTO public.parking_session (amount_charged, auto_allocated, deposit_credit, from_reservation, check_in_at, check_out_at, id, slot_id, user_id, vehicle_type_id, license_plate, status, ticket_code, allocation_score) VALUES (45000.00, true, NULL, false, '2026-06-04 09:13:00+00', '2026-06-04 11:34:00+00', 54, 15, 11, 3, '51X-30894', 'COMPLETED', 'cb03433d-831c-43de-891c-0dc9bccb22b2', NULL);
INSERT INTO public.parking_session (amount_charged, auto_allocated, deposit_credit, from_reservation, check_in_at, check_out_at, id, slot_id, user_id, vehicle_type_id, license_plate, status, ticket_code, allocation_score) VALUES (50000.00, false, NULL, false, '2026-06-04 17:08:00+00', '2026-06-04 21:23:00+00', 55, 65, 11, 1, '51R-41336', 'COMPLETED', 'd4a6c92e-55af-4e33-9111-98260c29bafe', NULL);
INSERT INTO public.parking_session (amount_charged, auto_allocated, deposit_credit, from_reservation, check_in_at, check_out_at, id, slot_id, user_id, vehicle_type_id, license_plate, status, ticket_code, allocation_score) VALUES (30000.00, true, NULL, false, '2026-06-04 17:31:00+00', '2026-06-04 19:08:00+00', 56, 27, 6, 3, '51R-90548', 'COMPLETED', '421ad880-3c50-4ca9-8451-addbbb7617d9', NULL);
INSERT INTO public.parking_session (amount_charged, auto_allocated, deposit_credit, from_reservation, check_in_at, check_out_at, id, slot_id, user_id, vehicle_type_id, license_plate, status, ticket_code, allocation_score) VALUES (75000.00, false, NULL, false, '2026-06-04 18:57:00+00', '2026-06-04 22:59:00+00', 57, 21, 4, 3, '51F-05889', 'COMPLETED', 'ba445632-b6e7-44da-bcf1-23bd7bff5334', NULL);
INSERT INTO public.parking_session (amount_charged, auto_allocated, deposit_credit, from_reservation, check_in_at, check_out_at, id, slot_id, user_id, vehicle_type_id, license_plate, status, ticket_code, allocation_score) VALUES (20000.00, false, NULL, false, '2026-06-04 14:23:00+00', '2026-06-04 17:27:00+00', 58, 21, 9, 2, '51E-08551', 'COMPLETED', 'a6da12d0-734d-43d1-977b-37c79f2e3a19', NULL);
INSERT INTO public.parking_session (amount_charged, auto_allocated, deposit_credit, from_reservation, check_in_at, check_out_at, id, slot_id, user_id, vehicle_type_id, license_plate, status, ticket_code, allocation_score) VALUES (90000.00, false, NULL, false, '2026-06-04 17:46:00+00', '2026-06-04 22:59:00+00', 59, 41, 9, 3, '51B-26443', 'COMPLETED', '54c92ef2-30c1-4bdb-bdfb-38f30ebc2e99', NULL);
INSERT INTO public.parking_session (amount_charged, auto_allocated, deposit_credit, from_reservation, check_in_at, check_out_at, id, slot_id, user_id, vehicle_type_id, license_plate, status, ticket_code, allocation_score) VALUES (30000.00, true, NULL, false, '2026-06-05 08:09:00+00', '2026-06-05 09:25:00+00', 60, 34, 10, 3, '51B-55805', 'COMPLETED', '82b2a70c-d28b-4eff-9118-88e023f53c01', NULL);
INSERT INTO public.parking_session (amount_charged, auto_allocated, deposit_credit, from_reservation, check_in_at, check_out_at, id, slot_id, user_id, vehicle_type_id, license_plate, status, ticket_code, allocation_score) VALUES (40000.00, false, NULL, false, '2026-06-05 08:42:00+00', '2026-06-05 12:38:00+00', 61, 69, 4, 1, '51P-92373', 'COMPLETED', '41e96408-388c-4d43-abf2-773a875e8e2a', NULL);
INSERT INTO public.parking_session (amount_charged, auto_allocated, deposit_credit, from_reservation, check_in_at, check_out_at, id, slot_id, user_id, vehicle_type_id, license_plate, status, ticket_code, allocation_score) VALUES (40000.00, false, NULL, false, '2026-06-05 08:35:00+00', '2026-06-05 12:24:00+00', 62, 1, 11, 1, '51M-34317', 'COMPLETED', '32e55fd8-6ba7-431d-a044-e615bcc91ca7', NULL);
INSERT INTO public.parking_session (amount_charged, auto_allocated, deposit_credit, from_reservation, check_in_at, check_out_at, id, slot_id, user_id, vehicle_type_id, license_plate, status, ticket_code, allocation_score) VALUES (30000.00, true, NULL, false, '2026-06-05 12:17:00+00', '2026-06-05 13:38:00+00', 63, 57, 7, 3, '51W-10078', 'COMPLETED', '8ee9d888-7430-45bb-ac69-042280bbe939', NULL);
INSERT INTO public.parking_session (amount_charged, auto_allocated, deposit_credit, from_reservation, check_in_at, check_out_at, id, slot_id, user_id, vehicle_type_id, license_plate, status, ticket_code, allocation_score) VALUES (15000.00, false, NULL, false, '2026-06-05 20:48:00+00', '2026-06-05 23:44:00+00', 64, 84, 11, 2, '51A-54907', 'COMPLETED', '8593945f-4458-48f8-aa5e-6e580bc13714', NULL);
INSERT INTO public.parking_session (amount_charged, auto_allocated, deposit_credit, from_reservation, check_in_at, check_out_at, id, slot_id, user_id, vehicle_type_id, license_plate, status, ticket_code, allocation_score) VALUES (60000.00, true, NULL, false, '2026-06-05 07:58:00+00', '2026-06-05 11:20:00+00', 65, 76, 6, 3, '51C-61818', 'COMPLETED', '8c7392ef-68cd-4a38-a91d-2bf4a7ed08a5', NULL);
INSERT INTO public.parking_session (amount_charged, auto_allocated, deposit_credit, from_reservation, check_in_at, check_out_at, id, slot_id, user_id, vehicle_type_id, license_plate, status, ticket_code, allocation_score) VALUES (10000.00, true, NULL, false, '2026-06-05 08:55:00+00', '2026-06-05 09:44:00+00', 66, 32, 8, 1, '51T-61698', 'COMPLETED', '2dc9af7f-844e-44f8-8f32-1a05975b62a1', NULL);
INSERT INTO public.parking_session (amount_charged, auto_allocated, deposit_credit, from_reservation, check_in_at, check_out_at, id, slot_id, user_id, vehicle_type_id, license_plate, status, ticket_code, allocation_score) VALUES (20000.00, false, NULL, false, '2026-06-05 17:40:00+00', '2026-06-05 19:05:00+00', 67, 38, 9, 1, '51T-09111', 'COMPLETED', '5d1d9dbb-c444-49cd-b402-38e0225c0312', NULL);
INSERT INTO public.parking_session (amount_charged, auto_allocated, deposit_credit, from_reservation, check_in_at, check_out_at, id, slot_id, user_id, vehicle_type_id, license_plate, status, ticket_code, allocation_score) VALUES (25000.00, false, NULL, false, '2026-06-05 09:31:00+00', '2026-06-05 14:29:00+00', 68, 29, 11, 2, '51H-06186', 'COMPLETED', '23689d85-ab22-4e87-8007-47359c77d8b6', NULL);
INSERT INTO public.parking_session (amount_charged, auto_allocated, deposit_credit, from_reservation, check_in_at, check_out_at, id, slot_id, user_id, vehicle_type_id, license_plate, status, ticket_code, allocation_score) VALUES (25000.00, false, NULL, false, '2026-06-05 08:25:00+00', '2026-06-05 12:43:00+00', 69, 11, 10, 2, '51Y-35024', 'COMPLETED', 'f46a2864-67f7-43a0-a1f0-f7b6f98f208d', NULL);
INSERT INTO public.parking_session (amount_charged, auto_allocated, deposit_credit, from_reservation, check_in_at, check_out_at, id, slot_id, user_id, vehicle_type_id, license_plate, status, ticket_code, allocation_score) VALUES (90000.00, true, NULL, false, '2026-06-06 14:35:00+00', '2026-06-06 19:52:00+00', 70, 68, 6, 3, '51V-29988', 'COMPLETED', 'f8813315-4164-494f-b106-e315e77da192', NULL);
INSERT INTO public.parking_session (amount_charged, auto_allocated, deposit_credit, from_reservation, check_in_at, check_out_at, id, slot_id, user_id, vehicle_type_id, license_plate, status, ticket_code, allocation_score) VALUES (50000.00, true, NULL, false, '2026-06-06 09:39:00+00', '2026-06-06 13:47:00+00', 71, 65, 11, 1, '51J-49104', 'COMPLETED', '7a2ad23c-d67e-4804-977a-fa33d3b993b5', NULL);
INSERT INTO public.parking_session (amount_charged, auto_allocated, deposit_credit, from_reservation, check_in_at, check_out_at, id, slot_id, user_id, vehicle_type_id, license_plate, status, ticket_code, allocation_score) VALUES (25000.00, false, NULL, false, '2026-06-06 12:35:00+00', '2026-06-06 17:00:00+00', 72, 14, 6, 2, '51Z-45618', 'COMPLETED', 'fd8d9f01-3d7e-41d5-8fd4-04002ef93079', NULL);
INSERT INTO public.parking_session (amount_charged, auto_allocated, deposit_credit, from_reservation, check_in_at, check_out_at, id, slot_id, user_id, vehicle_type_id, license_plate, status, ticket_code, allocation_score) VALUES (20000.00, true, NULL, false, '2026-06-06 07:04:00+00', '2026-06-06 10:09:00+00', 73, 65, 10, 2, '51I-25988', 'COMPLETED', '8b339ecf-fede-4160-9e7f-03c454bf5dbe', NULL);
INSERT INTO public.parking_session (amount_charged, auto_allocated, deposit_credit, from_reservation, check_in_at, check_out_at, id, slot_id, user_id, vehicle_type_id, license_plate, status, ticket_code, allocation_score) VALUES (30000.00, true, NULL, false, '2026-06-06 18:17:00+00', '2026-06-06 23:21:00+00', 74, 41, 9, 2, '51F-06682', 'COMPLETED', '2e9a6db3-228a-4817-af42-4c5d4063f530', NULL);
INSERT INTO public.parking_session (amount_charged, auto_allocated, deposit_credit, from_reservation, check_in_at, check_out_at, id, slot_id, user_id, vehicle_type_id, license_plate, status, ticket_code, allocation_score) VALUES (25000.00, false, NULL, false, '2026-06-06 18:56:00+00', '2026-06-06 23:40:00+00', 75, 69, 6, 2, '51X-70361', 'COMPLETED', 'f8e1f784-6b83-4661-a9f7-72601e2c2431', NULL);
INSERT INTO public.parking_session (amount_charged, auto_allocated, deposit_credit, from_reservation, check_in_at, check_out_at, id, slot_id, user_id, vehicle_type_id, license_plate, status, ticket_code, allocation_score) VALUES (90000.00, false, NULL, false, '2026-06-06 18:04:00+00', '2026-06-06 23:33:00+00', 76, 66, 9, 3, '51T-99630', 'COMPLETED', 'a785d825-1dcf-42c7-9c45-64fa68253d99', NULL);
INSERT INTO public.parking_session (amount_charged, auto_allocated, deposit_credit, from_reservation, check_in_at, check_out_at, id, slot_id, user_id, vehicle_type_id, license_plate, status, ticket_code, allocation_score) VALUES (5000.00, false, NULL, false, '2026-06-06 08:44:00+00', '2026-06-06 09:15:00+00', 77, 44, 9, 2, '51J-95017', 'COMPLETED', 'a0ba97d0-9922-4e9e-b190-3abd37623dba', NULL);
INSERT INTO public.parking_session (amount_charged, auto_allocated, deposit_credit, from_reservation, check_in_at, check_out_at, id, slot_id, user_id, vehicle_type_id, license_plate, status, ticket_code, allocation_score) VALUES (30000.00, true, NULL, false, '2026-06-06 18:45:00+00', '2026-06-06 21:31:00+00', 78, 76, 9, 1, '51S-51751', 'COMPLETED', 'd22e06ad-d699-4117-a199-e74d9fd4db6b', NULL);
INSERT INTO public.parking_session (amount_charged, auto_allocated, deposit_credit, from_reservation, check_in_at, check_out_at, id, slot_id, user_id, vehicle_type_id, license_plate, status, ticket_code, allocation_score) VALUES (20000.00, true, NULL, false, '2026-06-06 12:38:00+00', '2026-06-06 14:14:00+00', 79, 53, 10, 1, '51T-31974', 'COMPLETED', '8919b8da-6717-4c76-911a-9c6a6003c87e', NULL);
INSERT INTO public.parking_session (amount_charged, auto_allocated, deposit_credit, from_reservation, check_in_at, check_out_at, id, slot_id, user_id, vehicle_type_id, license_plate, status, ticket_code, allocation_score) VALUES (30000.00, true, NULL, false, '2026-06-06 14:45:00+00', '2026-06-06 19:46:00+00', 80, 3, 10, 2, '51J-61970', 'COMPLETED', '4ce14b7e-f092-4b9d-a05f-39913c848b55', NULL);
INSERT INTO public.parking_session (amount_charged, auto_allocated, deposit_credit, from_reservation, check_in_at, check_out_at, id, slot_id, user_id, vehicle_type_id, license_plate, status, ticket_code, allocation_score) VALUES (45000.00, true, NULL, false, '2026-06-06 20:00:00+00', '2026-06-06 22:51:00+00', 81, 79, 5, 3, '51Q-42655', 'COMPLETED', 'a9fe80e3-18c3-45e2-a2e4-34c2d2c9667c', NULL);
INSERT INTO public.parking_session (amount_charged, auto_allocated, deposit_credit, from_reservation, check_in_at, check_out_at, id, slot_id, user_id, vehicle_type_id, license_plate, status, ticket_code, allocation_score) VALUES (15000.00, true, NULL, false, '2026-06-07 12:53:00+00', '2026-06-07 15:04:00+00', 82, 17, 11, 2, '51B-42815', 'COMPLETED', '23eab32c-6027-4028-ac72-316f728d6cb6', NULL);
INSERT INTO public.parking_session (amount_charged, auto_allocated, deposit_credit, from_reservation, check_in_at, check_out_at, id, slot_id, user_id, vehicle_type_id, license_plate, status, ticket_code, allocation_score) VALUES (25000.00, false, NULL, false, '2026-06-07 08:28:00+00', '2026-06-07 12:38:00+00', 83, 16, 10, 2, '51U-13241', 'COMPLETED', '5e723c3d-d0c3-4b5c-974a-cd11e71d6a7d', NULL);
INSERT INTO public.parking_session (amount_charged, auto_allocated, deposit_credit, from_reservation, check_in_at, check_out_at, id, slot_id, user_id, vehicle_type_id, license_plate, status, ticket_code, allocation_score) VALUES (20000.00, true, NULL, false, '2026-06-07 07:52:00+00', '2026-06-07 11:33:00+00', 84, 54, 10, 2, '51G-75480', 'COMPLETED', '80b95afd-5c93-42fd-8645-d339b8ab8ce5', NULL);
INSERT INTO public.parking_session (amount_charged, auto_allocated, deposit_credit, from_reservation, check_in_at, check_out_at, id, slot_id, user_id, vehicle_type_id, license_plate, status, ticket_code, allocation_score) VALUES (10000.00, true, NULL, false, '2026-06-07 18:20:00+00', '2026-06-07 19:42:00+00', 85, 43, 4, 2, '51V-43291', 'COMPLETED', 'c4fabbb3-a659-419c-b324-636a07046bbd', NULL);
INSERT INTO public.parking_session (amount_charged, auto_allocated, deposit_credit, from_reservation, check_in_at, check_out_at, id, slot_id, user_id, vehicle_type_id, license_plate, status, ticket_code, allocation_score) VALUES (5000.00, true, NULL, false, '2026-06-07 08:31:00+00', '2026-06-07 09:17:00+00', 86, 2, 9, 2, '51I-40850', 'COMPLETED', 'dad904a8-c383-4a82-b559-ccc025ae74e1', NULL);
INSERT INTO public.parking_session (amount_charged, auto_allocated, deposit_credit, from_reservation, check_in_at, check_out_at, id, slot_id, user_id, vehicle_type_id, license_plate, status, ticket_code, allocation_score) VALUES (15000.00, true, NULL, false, '2026-06-07 07:49:00+00', '2026-06-07 10:28:00+00', 87, 74, 7, 2, '51G-97697', 'COMPLETED', 'af0cd825-c737-4cb9-9299-14b31b44eb80', NULL);
INSERT INTO public.parking_session (amount_charged, auto_allocated, deposit_credit, from_reservation, check_in_at, check_out_at, id, slot_id, user_id, vehicle_type_id, license_plate, status, ticket_code, allocation_score) VALUES (60000.00, true, NULL, false, '2026-06-07 09:39:00+00', '2026-06-07 14:54:00+00', 88, 19, 6, 1, '51L-62756', 'COMPLETED', 'ee6e0005-e2e2-437a-8519-a242d264fc73', NULL);
INSERT INTO public.parking_session (amount_charged, auto_allocated, deposit_credit, from_reservation, check_in_at, check_out_at, id, slot_id, user_id, vehicle_type_id, license_plate, status, ticket_code, allocation_score) VALUES (45000.00, false, NULL, false, '2026-06-07 14:52:00+00', '2026-06-07 17:51:00+00', 89, 61, 11, 3, '51G-73164', 'COMPLETED', '6f186a14-7eed-4945-8e10-8630574cfc96', NULL);
INSERT INTO public.parking_session (amount_charged, auto_allocated, deposit_credit, from_reservation, check_in_at, check_out_at, id, slot_id, user_id, vehicle_type_id, license_plate, status, ticket_code, allocation_score) VALUES (15000.00, false, NULL, false, '2026-06-07 08:04:00+00', '2026-06-07 10:59:00+00', 90, 40, 9, 2, '51D-38555', 'COMPLETED', '712f4a7c-09c1-4127-96f5-1314710daad8', NULL);
INSERT INTO public.parking_session (amount_charged, auto_allocated, deposit_credit, from_reservation, check_in_at, check_out_at, id, slot_id, user_id, vehicle_type_id, license_plate, status, ticket_code, allocation_score) VALUES (75000.00, false, NULL, false, '2026-06-07 18:56:00+00', '2026-06-07 23:43:00+00', 91, 58, 7, 3, '51O-71398', 'COMPLETED', '92b90cb1-6500-4c03-a96c-655a8ef43aec', NULL);
INSERT INTO public.parking_session (amount_charged, auto_allocated, deposit_credit, from_reservation, check_in_at, check_out_at, id, slot_id, user_id, vehicle_type_id, license_plate, status, ticket_code, allocation_score) VALUES (30000.00, true, NULL, false, '2026-06-07 20:07:00+00', '2026-06-07 21:18:00+00', 92, 66, 11, 3, '51G-53505', 'COMPLETED', '568391b9-731e-4885-9867-6d59f4cf7794', NULL);
INSERT INTO public.parking_session (amount_charged, auto_allocated, deposit_credit, from_reservation, check_in_at, check_out_at, id, slot_id, user_id, vehicle_type_id, license_plate, status, ticket_code, allocation_score) VALUES (25000.00, false, NULL, false, '2026-06-08 09:56:00+00', '2026-06-08 14:24:00+00', 93, 61, 6, 2, '51B-24645', 'COMPLETED', 'bf55865b-e39a-4034-ba3f-c839042c3cff', NULL);
INSERT INTO public.parking_session (amount_charged, auto_allocated, deposit_credit, from_reservation, check_in_at, check_out_at, id, slot_id, user_id, vehicle_type_id, license_plate, status, ticket_code, allocation_score) VALUES (50000.00, false, NULL, false, '2026-06-08 09:20:00+00', '2026-06-08 13:30:00+00', 94, 17, 11, 1, '51P-01444', 'COMPLETED', '949453cf-107d-42b7-8156-3a38a253a9b0', NULL);
INSERT INTO public.parking_session (amount_charged, auto_allocated, deposit_credit, from_reservation, check_in_at, check_out_at, id, slot_id, user_id, vehicle_type_id, license_plate, status, ticket_code, allocation_score) VALUES (20000.00, false, NULL, false, '2026-06-08 12:07:00+00', '2026-06-08 13:10:00+00', 95, 81, 6, 1, '51W-14438', 'COMPLETED', 'fdb17ca5-196e-4a60-bdc0-016897a8a36e', NULL);
INSERT INTO public.parking_session (amount_charged, auto_allocated, deposit_credit, from_reservation, check_in_at, check_out_at, id, slot_id, user_id, vehicle_type_id, license_plate, status, ticket_code, allocation_score) VALUES (15000.00, false, NULL, false, '2026-06-08 09:02:00+00', '2026-06-08 09:55:00+00', 96, 44, 4, 3, '51X-72835', 'COMPLETED', '533bdda8-c92e-4636-8cff-d951ad6ba176', NULL);
INSERT INTO public.parking_session (amount_charged, auto_allocated, deposit_credit, from_reservation, check_in_at, check_out_at, id, slot_id, user_id, vehicle_type_id, license_plate, status, ticket_code, allocation_score) VALUES (40000.00, false, NULL, false, '2026-06-08 08:51:00+00', '2026-06-08 12:41:00+00', 97, 28, 11, 1, '51B-38256', 'COMPLETED', 'baa307b7-9f33-44a1-af7e-8f8de9eb55d6', NULL);
INSERT INTO public.parking_session (amount_charged, auto_allocated, deposit_credit, from_reservation, check_in_at, check_out_at, id, slot_id, user_id, vehicle_type_id, license_plate, status, ticket_code, allocation_score) VALUES (50000.00, true, NULL, false, '2026-06-08 09:42:00+00', '2026-06-08 14:36:00+00', 98, 81, 9, 1, '51A-73409', 'COMPLETED', '03e9fe00-adc8-470c-a3c0-589a13a62edb', NULL);
INSERT INTO public.parking_session (amount_charged, auto_allocated, deposit_credit, from_reservation, check_in_at, check_out_at, id, slot_id, user_id, vehicle_type_id, license_plate, status, ticket_code, allocation_score) VALUES (25000.00, true, NULL, false, '2026-06-08 09:44:00+00', '2026-06-08 13:56:00+00', 99, 47, 5, 2, '51X-93542', 'COMPLETED', '9c0611e0-bad5-495f-b640-baa6a5399c33', NULL);
INSERT INTO public.parking_session (amount_charged, auto_allocated, deposit_credit, from_reservation, check_in_at, check_out_at, id, slot_id, user_id, vehicle_type_id, license_plate, status, ticket_code, allocation_score) VALUES (25000.00, true, NULL, false, '2026-06-08 09:32:00+00', '2026-06-08 14:00:00+00', 100, 21, 11, 2, '51W-48373', 'COMPLETED', '85a7c8f0-aa13-4355-b891-f372bea4bb0b', NULL);
INSERT INTO public.parking_session (amount_charged, auto_allocated, deposit_credit, from_reservation, check_in_at, check_out_at, id, slot_id, user_id, vehicle_type_id, license_plate, status, ticket_code, allocation_score) VALUES (20000.00, false, NULL, false, '2026-06-08 12:31:00+00', '2026-06-08 15:45:00+00', 101, 15, 6, 2, '51Q-46486', 'COMPLETED', 'e9cab911-9efd-4a58-bb92-9be95430bf6a', NULL);
INSERT INTO public.parking_session (amount_charged, auto_allocated, deposit_credit, from_reservation, check_in_at, check_out_at, id, slot_id, user_id, vehicle_type_id, license_plate, status, ticket_code, allocation_score) VALUES (60000.00, false, NULL, false, '2026-06-08 09:42:00+00', '2026-06-08 14:48:00+00', 102, 1, 8, 1, '51B-18159', 'COMPLETED', '13d4ef71-75cf-4270-b19a-3691a57ad6ad', NULL);
INSERT INTO public.parking_session (amount_charged, auto_allocated, deposit_credit, from_reservation, check_in_at, check_out_at, id, slot_id, user_id, vehicle_type_id, license_plate, status, ticket_code, allocation_score) VALUES (45000.00, true, NULL, false, '2026-06-08 07:28:00+00', '2026-06-08 09:34:00+00', 103, 70, 6, 3, '51W-58600', 'COMPLETED', '7d677e03-9980-4620-9436-aeb7e050653e', NULL);
INSERT INTO public.parking_session (amount_charged, auto_allocated, deposit_credit, from_reservation, check_in_at, check_out_at, id, slot_id, user_id, vehicle_type_id, license_plate, status, ticket_code, allocation_score) VALUES (60000.00, true, NULL, false, '2026-06-08 14:08:00+00', '2026-06-08 19:09:00+00', 104, 17, 5, 1, '51H-70145', 'COMPLETED', 'efff8731-9dc6-4ee8-a7ee-835caf3ac717', NULL);
INSERT INTO public.parking_session (amount_charged, auto_allocated, deposit_credit, from_reservation, check_in_at, check_out_at, id, slot_id, user_id, vehicle_type_id, license_plate, status, ticket_code, allocation_score) VALUES (30000.00, true, NULL, false, '2026-06-08 09:37:00+00', '2026-06-08 11:51:00+00', 105, 83, 11, 1, '51Y-62863', 'COMPLETED', 'e61de632-cb59-47e5-9c80-f7e1f1589a34', NULL);
INSERT INTO public.parking_session (amount_charged, auto_allocated, deposit_credit, from_reservation, check_in_at, check_out_at, id, slot_id, user_id, vehicle_type_id, license_plate, status, ticket_code, allocation_score) VALUES (60000.00, true, NULL, false, '2026-06-08 08:04:00+00', '2026-06-08 11:17:00+00', 106, 71, 8, 3, '51F-91680', 'COMPLETED', '04dcde7d-863b-449f-8a45-a4bebf77dc6b', NULL);
INSERT INTO public.parking_session (amount_charged, auto_allocated, deposit_credit, from_reservation, check_in_at, check_out_at, id, slot_id, user_id, vehicle_type_id, license_plate, status, ticket_code, allocation_score) VALUES (5000.00, false, NULL, false, '2026-06-09 14:32:00+00', '2026-06-09 15:22:00+00', 107, 29, 7, 2, '51H-46024', 'COMPLETED', 'c66ef266-a90b-4e17-993a-bf8613aaf5ea', NULL);
INSERT INTO public.parking_session (amount_charged, auto_allocated, deposit_credit, from_reservation, check_in_at, check_out_at, id, slot_id, user_id, vehicle_type_id, license_plate, status, ticket_code, allocation_score) VALUES (50000.00, true, NULL, false, '2026-06-09 20:45:00+00', '2026-06-10 01:43:00+00', 108, 72, 10, 1, '51T-14951', 'COMPLETED', '51d55ddc-a7d5-4c23-a2bf-38616c267f0e', NULL);
INSERT INTO public.parking_session (amount_charged, auto_allocated, deposit_credit, from_reservation, check_in_at, check_out_at, id, slot_id, user_id, vehicle_type_id, license_plate, status, ticket_code, allocation_score) VALUES (45000.00, true, NULL, false, '2026-06-09 09:20:00+00', '2026-06-09 12:08:00+00', 109, 39, 10, 3, '51O-11564', 'COMPLETED', 'dc04cbdb-c686-4121-818d-cc1f8acec6af', NULL);
INSERT INTO public.parking_session (amount_charged, auto_allocated, deposit_credit, from_reservation, check_in_at, check_out_at, id, slot_id, user_id, vehicle_type_id, license_plate, status, ticket_code, allocation_score) VALUES (5000.00, true, NULL, false, '2026-06-09 18:52:00+00', '2026-06-09 19:48:00+00', 110, 62, 9, 2, '51O-15029', 'COMPLETED', '8ce3d49d-e67e-4afc-afe9-d4c5f5ed4c57', NULL);
INSERT INTO public.parking_session (amount_charged, auto_allocated, deposit_credit, from_reservation, check_in_at, check_out_at, id, slot_id, user_id, vehicle_type_id, license_plate, status, ticket_code, allocation_score) VALUES (20000.00, false, NULL, false, '2026-06-09 08:23:00+00', '2026-06-09 10:12:00+00', 111, 33, 9, 1, '51A-91448', 'COMPLETED', 'ae977e54-df9f-44cb-92c1-a37006c0f7eb', NULL);
INSERT INTO public.parking_session (amount_charged, auto_allocated, deposit_credit, from_reservation, check_in_at, check_out_at, id, slot_id, user_id, vehicle_type_id, license_plate, status, ticket_code, allocation_score) VALUES (90000.00, true, NULL, false, '2026-06-09 18:06:00+00', '2026-06-09 23:24:00+00', 112, 76, 9, 3, '51G-04963', 'COMPLETED', '674a80bd-0a83-48cd-9f6e-d68af87374e1', NULL);
INSERT INTO public.parking_session (amount_charged, auto_allocated, deposit_credit, from_reservation, check_in_at, check_out_at, id, slot_id, user_id, vehicle_type_id, license_plate, status, ticket_code, allocation_score) VALUES (45000.00, false, NULL, false, '2026-06-09 09:53:00+00', '2026-06-09 11:58:00+00', 113, 23, 8, 3, '51E-79676', 'COMPLETED', 'cbcde56e-07ff-45c3-b49f-1cf27bf79980', NULL);
INSERT INTO public.parking_session (amount_charged, auto_allocated, deposit_credit, from_reservation, check_in_at, check_out_at, id, slot_id, user_id, vehicle_type_id, license_plate, status, ticket_code, allocation_score) VALUES (20000.00, false, NULL, false, '2026-06-09 07:50:00+00', '2026-06-09 11:43:00+00', 114, 11, 8, 2, '51J-21377', 'COMPLETED', '6110a56c-a919-4680-89df-65588f42f426', NULL);
INSERT INTO public.parking_session (amount_charged, auto_allocated, deposit_credit, from_reservation, check_in_at, check_out_at, id, slot_id, user_id, vehicle_type_id, license_plate, status, ticket_code, allocation_score) VALUES (60000.00, true, NULL, false, '2026-06-09 18:43:00+00', '2026-06-10 00:10:00+00', 115, 8, 5, 1, '51Z-73754', 'COMPLETED', '8d047e96-8ed8-448f-be96-b49782c99181', NULL);
INSERT INTO public.parking_session (amount_charged, auto_allocated, deposit_credit, from_reservation, check_in_at, check_out_at, id, slot_id, user_id, vehicle_type_id, license_plate, status, ticket_code, allocation_score) VALUES (40000.00, false, NULL, false, '2026-06-09 07:44:00+00', '2026-06-09 11:29:00+00', 116, 72, 10, 1, '51L-30479', 'COMPLETED', 'f3a4ebe4-128e-4b1d-88a1-21b47577be36', NULL);
INSERT INTO public.parking_session (amount_charged, auto_allocated, deposit_credit, from_reservation, check_in_at, check_out_at, id, slot_id, user_id, vehicle_type_id, license_plate, status, ticket_code, allocation_score) VALUES (10000.00, true, NULL, false, '2026-06-09 20:19:00+00', '2026-06-09 20:50:00+00', 117, 71, 7, 1, '51S-77683', 'COMPLETED', '5e81c022-4428-480c-924b-b1d0e362b84f', NULL);
INSERT INTO public.parking_session (amount_charged, auto_allocated, deposit_credit, from_reservation, check_in_at, check_out_at, id, slot_id, user_id, vehicle_type_id, license_plate, status, ticket_code, allocation_score) VALUES (15000.00, true, NULL, false, '2026-06-09 18:32:00+00', '2026-06-09 21:26:00+00', 118, 9, 7, 2, '51W-31198', 'COMPLETED', 'b852a899-3136-4583-ab09-4bbf3257c221', NULL);
INSERT INTO public.parking_session (amount_charged, auto_allocated, deposit_credit, from_reservation, check_in_at, check_out_at, id, slot_id, user_id, vehicle_type_id, license_plate, status, ticket_code, allocation_score) VALUES (40000.00, true, NULL, false, '2026-06-09 09:06:00+00', '2026-06-09 12:26:00+00', 119, 13, 6, 1, '51Q-86538', 'COMPLETED', 'fda9cae3-d059-49ce-b7f5-a7fcfed67175', NULL);
INSERT INTO public.parking_session (amount_charged, auto_allocated, deposit_credit, from_reservation, check_in_at, check_out_at, id, slot_id, user_id, vehicle_type_id, license_plate, status, ticket_code, allocation_score) VALUES (30000.00, true, NULL, false, '2026-06-10 09:19:00+00', '2026-06-10 11:32:00+00', 120, 2, 4, 1, '51B-92215', 'COMPLETED', '66040c68-0c83-47ca-94d3-1f9cb354a1e2', NULL);
INSERT INTO public.parking_session (amount_charged, auto_allocated, deposit_credit, from_reservation, check_in_at, check_out_at, id, slot_id, user_id, vehicle_type_id, license_plate, status, ticket_code, allocation_score) VALUES (10000.00, false, NULL, false, '2026-06-10 17:14:00+00', '2026-06-10 19:05:00+00', 121, 84, 4, 2, '51U-15052', 'COMPLETED', 'fc483a10-873c-4caf-a5b3-2afb9c58f6f7', NULL);
INSERT INTO public.parking_session (amount_charged, auto_allocated, deposit_credit, from_reservation, check_in_at, check_out_at, id, slot_id, user_id, vehicle_type_id, license_plate, status, ticket_code, allocation_score) VALUES (5000.00, false, NULL, false, '2026-06-10 19:33:00+00', '2026-06-10 20:08:00+00', 122, 82, 4, 2, '51J-42636', 'COMPLETED', '94f061da-d6bd-4ae4-a678-9b211859787d', NULL);
INSERT INTO public.parking_session (amount_charged, auto_allocated, deposit_credit, from_reservation, check_in_at, check_out_at, id, slot_id, user_id, vehicle_type_id, license_plate, status, ticket_code, allocation_score) VALUES (60000.00, false, NULL, false, '2026-06-10 14:50:00+00', '2026-06-10 20:00:00+00', 123, 31, 11, 1, '51M-87343', 'COMPLETED', '4c0a26f5-9be6-45d4-8c13-433adceabe53', NULL);
INSERT INTO public.parking_session (amount_charged, auto_allocated, deposit_credit, from_reservation, check_in_at, check_out_at, id, slot_id, user_id, vehicle_type_id, license_plate, status, ticket_code, allocation_score) VALUES (5000.00, true, NULL, false, '2026-06-10 19:11:00+00', '2026-06-10 19:55:00+00', 124, 65, 6, 2, '51B-18801', 'COMPLETED', '017932d1-eb2c-4099-94ae-1b4fe9c87dd5', NULL);
INSERT INTO public.parking_session (amount_charged, auto_allocated, deposit_credit, from_reservation, check_in_at, check_out_at, id, slot_id, user_id, vehicle_type_id, license_plate, status, ticket_code, allocation_score) VALUES (25000.00, false, NULL, false, '2026-06-10 12:39:00+00', '2026-06-10 17:07:00+00', 125, 75, 8, 2, '51W-25352', 'COMPLETED', '36435aa0-bba1-424b-8336-a00e8660bd88', NULL);
INSERT INTO public.parking_session (amount_charged, auto_allocated, deposit_credit, from_reservation, check_in_at, check_out_at, id, slot_id, user_id, vehicle_type_id, license_plate, status, ticket_code, allocation_score) VALUES (30000.00, false, NULL, false, '2026-06-10 14:13:00+00', '2026-06-10 16:00:00+00', 126, 55, 9, 3, '51S-92753', 'COMPLETED', '8ab06ec9-3c55-4f31-8b51-395296d1437f', NULL);
INSERT INTO public.parking_session (amount_charged, auto_allocated, deposit_credit, from_reservation, check_in_at, check_out_at, id, slot_id, user_id, vehicle_type_id, license_plate, status, ticket_code, allocation_score) VALUES (10000.00, false, NULL, false, '2026-06-10 07:54:00+00', '2026-06-10 09:24:00+00', 127, 23, 5, 2, '51U-67317', 'COMPLETED', '567bec6e-c763-4191-9fb2-7ba0e22aa829', NULL);
INSERT INTO public.parking_session (amount_charged, auto_allocated, deposit_credit, from_reservation, check_in_at, check_out_at, id, slot_id, user_id, vehicle_type_id, license_plate, status, ticket_code, allocation_score) VALUES (5000.00, true, NULL, false, '2026-06-10 17:42:00+00', '2026-06-10 18:20:00+00', 128, 85, 6, 2, '51I-83877', 'COMPLETED', 'd0972b08-dd2b-4f8f-8db9-7f9989a916b9', NULL);
INSERT INTO public.parking_session (amount_charged, auto_allocated, deposit_credit, from_reservation, check_in_at, check_out_at, id, slot_id, user_id, vehicle_type_id, license_plate, status, ticket_code, allocation_score) VALUES (60000.00, false, NULL, false, '2026-06-10 08:41:00+00', '2026-06-10 13:56:00+00', 129, 83, 4, 1, '51M-58072', 'COMPLETED', '15c22823-352b-46c6-abf8-27f39cb87ffd', NULL);
INSERT INTO public.parking_session (amount_charged, auto_allocated, deposit_credit, from_reservation, check_in_at, check_out_at, id, slot_id, user_id, vehicle_type_id, license_plate, status, ticket_code, allocation_score) VALUES (25000.00, false, NULL, false, '2026-06-10 19:17:00+00', '2026-06-10 23:47:00+00', 130, 33, 7, 2, '51G-01833', 'COMPLETED', 'c0284a0b-aad2-482a-818e-4c50022158f8', NULL);
INSERT INTO public.parking_session (amount_charged, auto_allocated, deposit_credit, from_reservation, check_in_at, check_out_at, id, slot_id, user_id, vehicle_type_id, license_plate, status, ticket_code, allocation_score) VALUES (45000.00, true, NULL, false, '2026-06-10 18:14:00+00', '2026-06-10 20:34:00+00', 131, 40, 6, 3, '51Q-16124', 'COMPLETED', '767d0f09-bd2d-4235-9a69-efe7de03a283', NULL);
INSERT INTO public.parking_session (amount_charged, auto_allocated, deposit_credit, from_reservation, check_in_at, check_out_at, id, slot_id, user_id, vehicle_type_id, license_plate, status, ticket_code, allocation_score) VALUES (60000.00, true, NULL, false, '2026-06-10 12:38:00+00', '2026-06-10 16:19:00+00', 132, 34, 4, 3, '51K-11694', 'COMPLETED', '1303f979-6287-40ea-aade-6d2549d147af', NULL);
INSERT INTO public.parking_session (amount_charged, auto_allocated, deposit_credit, from_reservation, check_in_at, check_out_at, id, slot_id, user_id, vehicle_type_id, license_plate, status, ticket_code, allocation_score) VALUES (25000.00, true, NULL, false, '2026-06-11 08:40:00+00', '2026-06-11 13:33:00+00', 133, 39, 6, 2, '51B-19070', 'COMPLETED', '36648fc2-3ca9-44a7-9a9a-d45e8a1a0fa2', NULL);
INSERT INTO public.parking_session (amount_charged, auto_allocated, deposit_credit, from_reservation, check_in_at, check_out_at, id, slot_id, user_id, vehicle_type_id, license_plate, status, ticket_code, allocation_score) VALUES (5000.00, true, NULL, false, '2026-06-11 09:53:00+00', '2026-06-11 10:32:00+00', 134, 73, 8, 2, '51D-74165', 'COMPLETED', '00f64be9-e5b3-438c-a6bf-8bdf9dc72235', NULL);
INSERT INTO public.parking_session (amount_charged, auto_allocated, deposit_credit, from_reservation, check_in_at, check_out_at, id, slot_id, user_id, vehicle_type_id, license_plate, status, ticket_code, allocation_score) VALUES (90000.00, true, NULL, false, '2026-06-11 09:25:00+00', '2026-06-11 14:52:00+00', 135, 23, 6, 3, '51L-29366', 'COMPLETED', '0eeb6568-e5f6-4089-8194-f2c40105925c', NULL);
INSERT INTO public.parking_session (amount_charged, auto_allocated, deposit_credit, from_reservation, check_in_at, check_out_at, id, slot_id, user_id, vehicle_type_id, license_plate, status, ticket_code, allocation_score) VALUES (50000.00, true, NULL, false, '2026-06-11 09:42:00+00', '2026-06-11 13:43:00+00', 136, 29, 7, 1, '51I-12234', 'COMPLETED', '530658d8-9e12-426d-9f6a-e6e9b525e4fb', NULL);
INSERT INTO public.parking_session (amount_charged, auto_allocated, deposit_credit, from_reservation, check_in_at, check_out_at, id, slot_id, user_id, vehicle_type_id, license_plate, status, ticket_code, allocation_score) VALUES (50000.00, true, NULL, false, '2026-06-11 18:47:00+00', '2026-06-11 23:16:00+00', 137, 48, 9, 1, '51D-32036', 'COMPLETED', 'e57f5003-4dd0-41fb-ba7b-4a1f70d94159', NULL);
INSERT INTO public.parking_session (amount_charged, auto_allocated, deposit_credit, from_reservation, check_in_at, check_out_at, id, slot_id, user_id, vehicle_type_id, license_plate, status, ticket_code, allocation_score) VALUES (15000.00, false, NULL, false, '2026-06-11 09:15:00+00', '2026-06-11 12:09:00+00', 138, 84, 6, 2, '51H-76462', 'COMPLETED', 'fd0f10df-3d28-4d41-9de2-47f0d849b132', NULL);
INSERT INTO public.parking_session (amount_charged, auto_allocated, deposit_credit, from_reservation, check_in_at, check_out_at, id, slot_id, user_id, vehicle_type_id, license_plate, status, ticket_code, allocation_score) VALUES (60000.00, true, NULL, false, '2026-06-11 09:10:00+00', '2026-06-11 12:57:00+00', 139, 64, 9, 3, '51N-15690', 'COMPLETED', '38cdf15e-f12c-4485-bd09-50a74577bb83', NULL);
INSERT INTO public.parking_session (amount_charged, auto_allocated, deposit_credit, from_reservation, check_in_at, check_out_at, id, slot_id, user_id, vehicle_type_id, license_plate, status, ticket_code, allocation_score) VALUES (45000.00, false, NULL, false, '2026-06-11 20:50:00+00', '2026-06-11 23:37:00+00', 140, 75, 5, 3, '51Z-50549', 'COMPLETED', '40fc7861-a668-4221-a6fa-b12db38407bc', NULL);
INSERT INTO public.parking_session (amount_charged, auto_allocated, deposit_credit, from_reservation, check_in_at, check_out_at, id, slot_id, user_id, vehicle_type_id, license_plate, status, ticket_code, allocation_score) VALUES (10000.00, true, NULL, false, '2026-06-11 19:44:00+00', '2026-06-11 21:35:00+00', 141, 79, 7, 2, '51Q-38030', 'COMPLETED', '1aa268b8-2443-4919-8aa8-e62f158d8d04', NULL);
INSERT INTO public.parking_session (amount_charged, auto_allocated, deposit_credit, from_reservation, check_in_at, check_out_at, id, slot_id, user_id, vehicle_type_id, license_plate, status, ticket_code, allocation_score) VALUES (10000.00, true, NULL, false, '2026-06-11 07:33:00+00', '2026-06-11 09:31:00+00', 142, 12, 6, 2, '51M-76651', 'COMPLETED', '0bd9f21b-7948-45ee-bb7e-93b5284b529e', NULL);
INSERT INTO public.parking_session (amount_charged, auto_allocated, deposit_credit, from_reservation, check_in_at, check_out_at, id, slot_id, user_id, vehicle_type_id, license_plate, status, ticket_code, allocation_score) VALUES (60000.00, true, NULL, false, '2026-06-11 14:12:00+00', '2026-06-11 17:41:00+00', 143, 40, 4, 3, '51N-72592', 'COMPLETED', 'a8d49f0e-aaaf-4632-94f0-688adaf37174', NULL);
INSERT INTO public.parking_session (amount_charged, auto_allocated, deposit_credit, from_reservation, check_in_at, check_out_at, id, slot_id, user_id, vehicle_type_id, license_plate, status, ticket_code, allocation_score) VALUES (75000.00, false, NULL, false, '2026-06-11 19:40:00+00', '2026-06-11 23:55:00+00', 144, 31, 9, 3, '51U-64609', 'COMPLETED', '0b6a1784-99c4-4cf4-b118-09eea3d9f533', NULL);
INSERT INTO public.parking_session (amount_charged, auto_allocated, deposit_credit, from_reservation, check_in_at, check_out_at, id, slot_id, user_id, vehicle_type_id, license_plate, status, ticket_code, allocation_score) VALUES (30000.00, false, NULL, false, '2026-06-11 12:31:00+00', '2026-06-11 15:05:00+00', 145, 53, 5, 1, '51W-07620', 'COMPLETED', '32ece0ee-4376-4e9c-843d-dfaed4b5e5ef', NULL);
INSERT INTO public.parking_session (amount_charged, auto_allocated, deposit_credit, from_reservation, check_in_at, check_out_at, id, slot_id, user_id, vehicle_type_id, license_plate, status, ticket_code, allocation_score) VALUES (40000.00, true, NULL, false, '2026-06-11 18:08:00+00', '2026-06-11 21:48:00+00', 146, 15, 10, 1, '51Y-70552', 'COMPLETED', 'd724ca96-be38-4fb2-8cb5-e7179730ddcd', NULL);
INSERT INTO public.parking_session (amount_charged, auto_allocated, deposit_credit, from_reservation, check_in_at, check_out_at, id, slot_id, user_id, vehicle_type_id, license_plate, status, ticket_code, allocation_score) VALUES (15000.00, false, NULL, false, '2026-06-12 09:29:00+00', '2026-06-12 10:26:00+00', 147, 40, 8, 3, '51A-24298', 'COMPLETED', '085e6556-dd28-4f9b-82f8-96dcb5d148eb', NULL);
INSERT INTO public.parking_session (amount_charged, auto_allocated, deposit_credit, from_reservation, check_in_at, check_out_at, id, slot_id, user_id, vehicle_type_id, license_plate, status, ticket_code, allocation_score) VALUES (15000.00, false, NULL, false, '2026-06-12 18:39:00+00', '2026-06-12 19:19:00+00', 148, 40, 5, 3, '51X-94021', 'COMPLETED', '8f5fc755-4d33-49d1-8020-29b9102ef167', NULL);
INSERT INTO public.parking_session (amount_charged, auto_allocated, deposit_credit, from_reservation, check_in_at, check_out_at, id, slot_id, user_id, vehicle_type_id, license_plate, status, ticket_code, allocation_score) VALUES (30000.00, false, NULL, false, '2026-06-12 09:04:00+00', '2026-06-12 10:06:00+00', 149, 47, 4, 3, '51G-49382', 'COMPLETED', '9b9b994b-b633-4404-8fbc-6d20df1bc909', NULL);
INSERT INTO public.parking_session (amount_charged, auto_allocated, deposit_credit, from_reservation, check_in_at, check_out_at, id, slot_id, user_id, vehicle_type_id, license_plate, status, ticket_code, allocation_score) VALUES (60000.00, false, NULL, false, '2026-06-12 08:17:00+00', '2026-06-12 13:29:00+00', 150, 23, 9, 1, '51H-00058', 'COMPLETED', '170bdfd3-d1ad-47bd-ac87-3cd320ad8b5b', NULL);
INSERT INTO public.parking_session (amount_charged, auto_allocated, deposit_credit, from_reservation, check_in_at, check_out_at, id, slot_id, user_id, vehicle_type_id, license_plate, status, ticket_code, allocation_score) VALUES (25000.00, false, NULL, false, '2026-06-12 07:02:00+00', '2026-06-12 11:48:00+00', 151, 61, 11, 2, '51R-32471', 'COMPLETED', '557898d9-a1d7-49fb-a4a7-974cff09bce2', NULL);
INSERT INTO public.parking_session (amount_charged, auto_allocated, deposit_credit, from_reservation, check_in_at, check_out_at, id, slot_id, user_id, vehicle_type_id, license_plate, status, ticket_code, allocation_score) VALUES (20000.00, false, NULL, false, '2026-06-12 12:33:00+00', '2026-06-12 14:21:00+00', 152, 77, 8, 1, '51S-03558', 'COMPLETED', '7a00b907-21d7-4c88-95c2-3f84911a941a', NULL);
INSERT INTO public.parking_session (amount_charged, auto_allocated, deposit_credit, from_reservation, check_in_at, check_out_at, id, slot_id, user_id, vehicle_type_id, license_plate, status, ticket_code, allocation_score) VALUES (15000.00, false, NULL, false, '2026-06-12 18:49:00+00', '2026-06-12 21:22:00+00', 153, 6, 11, 2, '51A-44874', 'COMPLETED', '98af4f9d-cbd1-4769-8034-6282ebe63900', NULL);
INSERT INTO public.parking_session (amount_charged, auto_allocated, deposit_credit, from_reservation, check_in_at, check_out_at, id, slot_id, user_id, vehicle_type_id, license_plate, status, ticket_code, allocation_score) VALUES (50000.00, true, NULL, false, '2026-06-12 12:46:00+00', '2026-06-12 17:01:00+00', 154, 24, 7, 1, '51Z-34063', 'COMPLETED', 'f1bbe011-347d-4e42-8e07-5943727f0c01', NULL);
INSERT INTO public.parking_session (amount_charged, auto_allocated, deposit_credit, from_reservation, check_in_at, check_out_at, id, slot_id, user_id, vehicle_type_id, license_plate, status, ticket_code, allocation_score) VALUES (10000.00, true, NULL, false, '2026-06-13 19:16:00+00', '2026-06-13 21:14:00+00', 155, 85, 8, 2, '51B-67218', 'COMPLETED', '955db52e-b487-4a13-ad25-9c4ce2ad480a', NULL);
INSERT INTO public.parking_session (amount_charged, auto_allocated, deposit_credit, from_reservation, check_in_at, check_out_at, id, slot_id, user_id, vehicle_type_id, license_plate, status, ticket_code, allocation_score) VALUES (75000.00, true, NULL, false, '2026-06-13 07:25:00+00', '2026-06-13 12:01:00+00', 156, 85, 8, 3, '51Z-78645', 'COMPLETED', '4b088947-f2f0-409b-a57d-4d35f581c56f', NULL);
INSERT INTO public.parking_session (amount_charged, auto_allocated, deposit_credit, from_reservation, check_in_at, check_out_at, id, slot_id, user_id, vehicle_type_id, license_plate, status, ticket_code, allocation_score) VALUES (15000.00, true, NULL, false, '2026-06-13 20:28:00+00', '2026-06-13 23:18:00+00', 157, 1, 5, 2, '51A-10718', 'COMPLETED', '51350247-943f-4305-9005-d832e0647b96', NULL);
INSERT INTO public.parking_session (amount_charged, auto_allocated, deposit_credit, from_reservation, check_in_at, check_out_at, id, slot_id, user_id, vehicle_type_id, license_plate, status, ticket_code, allocation_score) VALUES (45000.00, false, NULL, false, '2026-06-13 12:14:00+00', '2026-06-13 15:09:00+00', 158, 39, 9, 3, '51K-55944', 'COMPLETED', '20165fd3-9446-4405-9552-a3dd051db67f', NULL);
INSERT INTO public.parking_session (amount_charged, auto_allocated, deposit_credit, from_reservation, check_in_at, check_out_at, id, slot_id, user_id, vehicle_type_id, license_plate, status, ticket_code, allocation_score) VALUES (10000.00, false, NULL, false, '2026-06-13 14:33:00+00', '2026-06-13 15:23:00+00', 159, 17, 6, 1, '51N-35098', 'COMPLETED', '576bee54-d994-40d1-a02e-fb8390d64807', NULL);
INSERT INTO public.parking_session (amount_charged, auto_allocated, deposit_credit, from_reservation, check_in_at, check_out_at, id, slot_id, user_id, vehicle_type_id, license_plate, status, ticket_code, allocation_score) VALUES (30000.00, true, NULL, false, '2026-06-13 19:55:00+00', '2026-06-13 22:47:00+00', 160, 82, 8, 1, '51H-92362', 'COMPLETED', '61ce579f-3077-4b16-a77a-37fee1fa10ae', NULL);
INSERT INTO public.parking_session (amount_charged, auto_allocated, deposit_credit, from_reservation, check_in_at, check_out_at, id, slot_id, user_id, vehicle_type_id, license_plate, status, ticket_code, allocation_score) VALUES (10000.00, false, NULL, false, '2026-06-13 08:05:00+00', '2026-06-13 09:15:00+00', 161, 25, 5, 2, '51F-11826', 'COMPLETED', 'e4780559-af32-4f55-be0e-07db5b287f54', NULL);
INSERT INTO public.parking_session (amount_charged, auto_allocated, deposit_credit, from_reservation, check_in_at, check_out_at, id, slot_id, user_id, vehicle_type_id, license_plate, status, ticket_code, allocation_score) VALUES (25000.00, true, NULL, false, '2026-06-13 20:32:00+00', '2026-06-14 01:23:00+00', 162, 47, 10, 2, '51R-67241', 'COMPLETED', 'f032fd15-5f2c-4de8-a080-55ffdda17491', NULL);
INSERT INTO public.parking_session (amount_charged, auto_allocated, deposit_credit, from_reservation, check_in_at, check_out_at, id, slot_id, user_id, vehicle_type_id, license_plate, status, ticket_code, allocation_score) VALUES (30000.00, false, NULL, false, '2026-06-14 09:46:00+00', '2026-06-14 11:38:00+00', 163, 45, 8, 3, '51R-18352', 'COMPLETED', 'ea292757-d9b5-40c9-9c0e-42f1a1acbda8', NULL);
INSERT INTO public.parking_session (amount_charged, auto_allocated, deposit_credit, from_reservation, check_in_at, check_out_at, id, slot_id, user_id, vehicle_type_id, license_plate, status, ticket_code, allocation_score) VALUES (45000.00, true, NULL, false, '2026-06-14 08:19:00+00', '2026-06-14 11:07:00+00', 164, 7, 11, 3, '51M-72126', 'COMPLETED', 'ab97a730-552b-48eb-9227-f81ebabc8acd', NULL);
INSERT INTO public.parking_session (amount_charged, auto_allocated, deposit_credit, from_reservation, check_in_at, check_out_at, id, slot_id, user_id, vehicle_type_id, license_plate, status, ticket_code, allocation_score) VALUES (90000.00, true, NULL, false, '2026-06-14 08:39:00+00', '2026-06-14 13:52:00+00', 165, 33, 10, 3, '51J-49739', 'COMPLETED', 'c1f606f0-2a68-4849-a8df-1eeeb9a29274', NULL);
INSERT INTO public.parking_session (amount_charged, auto_allocated, deposit_credit, from_reservation, check_in_at, check_out_at, id, slot_id, user_id, vehicle_type_id, license_plate, status, ticket_code, allocation_score) VALUES (50000.00, false, NULL, false, '2026-06-14 17:07:00+00', '2026-06-14 21:44:00+00', 166, 74, 7, 1, '51H-08041', 'COMPLETED', 'afc3148f-1c36-4b48-a6c2-e6c6ecbf1e38', NULL);
INSERT INTO public.parking_session (amount_charged, auto_allocated, deposit_credit, from_reservation, check_in_at, check_out_at, id, slot_id, user_id, vehicle_type_id, license_plate, status, ticket_code, allocation_score) VALUES (20000.00, true, NULL, false, '2026-06-14 18:36:00+00', '2026-06-14 19:42:00+00', 167, 27, 5, 1, '51N-34857', 'COMPLETED', '6442140e-cd85-4eb2-b08c-52f92dde3309', NULL);
INSERT INTO public.parking_session (amount_charged, auto_allocated, deposit_credit, from_reservation, check_in_at, check_out_at, id, slot_id, user_id, vehicle_type_id, license_plate, status, ticket_code, allocation_score) VALUES (60000.00, true, NULL, false, '2026-06-14 18:04:00+00', '2026-06-14 21:51:00+00', 168, 5, 7, 3, '51L-05119', 'COMPLETED', 'e944ac7d-ae25-4f35-a27c-a00334b2f11e', NULL);
INSERT INTO public.parking_session (amount_charged, auto_allocated, deposit_credit, from_reservation, check_in_at, check_out_at, id, slot_id, user_id, vehicle_type_id, license_plate, status, ticket_code, allocation_score) VALUES (50000.00, true, NULL, false, '2026-06-14 08:09:00+00', '2026-06-14 13:03:00+00', 169, 7, 4, 1, '51Y-80865', 'COMPLETED', '4625fa1e-bb00-4089-9db3-2e5530466666', NULL);
INSERT INTO public.parking_session (amount_charged, auto_allocated, deposit_credit, from_reservation, check_in_at, check_out_at, id, slot_id, user_id, vehicle_type_id, license_plate, status, ticket_code, allocation_score) VALUES (30000.00, true, NULL, false, '2026-06-14 17:20:00+00', '2026-06-14 19:15:00+00', 170, 82, 7, 3, '51V-19230', 'COMPLETED', '2116c25e-cc78-4543-8764-c6520a22caa1', NULL);
INSERT INTO public.parking_session (amount_charged, auto_allocated, deposit_credit, from_reservation, check_in_at, check_out_at, id, slot_id, user_id, vehicle_type_id, license_plate, status, ticket_code, allocation_score) VALUES (20000.00, false, NULL, false, '2026-06-14 14:16:00+00', '2026-06-14 17:27:00+00', 171, 40, 10, 2, '51E-54004', 'COMPLETED', '2ce0df4c-3399-4ea2-842d-d3ea80e91574', NULL);
INSERT INTO public.parking_session (amount_charged, auto_allocated, deposit_credit, from_reservation, check_in_at, check_out_at, id, slot_id, user_id, vehicle_type_id, license_plate, status, ticket_code, allocation_score) VALUES (75000.00, false, NULL, false, '2026-06-14 18:38:00+00', '2026-06-14 22:44:00+00', 172, 11, 6, 3, '51Z-22345', 'COMPLETED', 'a331431d-9f18-411d-8058-f7c7f13dc828', NULL);
INSERT INTO public.parking_session (amount_charged, auto_allocated, deposit_credit, from_reservation, check_in_at, check_out_at, id, slot_id, user_id, vehicle_type_id, license_plate, status, ticket_code, allocation_score) VALUES (10000.00, true, NULL, false, '2026-06-14 08:31:00+00', '2026-06-14 10:17:00+00', 173, 5, 5, 2, '51R-69580', 'COMPLETED', '4333f547-aea2-4cc2-9fd2-8bab02c0564b', NULL);
INSERT INTO public.parking_session (amount_charged, auto_allocated, deposit_credit, from_reservation, check_in_at, check_out_at, id, slot_id, user_id, vehicle_type_id, license_plate, status, ticket_code, allocation_score) VALUES (40000.00, true, NULL, false, '2026-06-14 18:10:00+00', '2026-06-14 22:02:00+00', 174, 49, 7, 1, '51E-79323', 'COMPLETED', '40c0e604-90c6-4d54-b853-37162f387882', NULL);
INSERT INTO public.parking_session (amount_charged, auto_allocated, deposit_credit, from_reservation, check_in_at, check_out_at, id, slot_id, user_id, vehicle_type_id, license_plate, status, ticket_code, allocation_score) VALUES (40000.00, true, NULL, false, '2026-06-14 12:38:00+00', '2026-06-14 16:25:00+00', 175, 8, 4, 1, '51U-73986', 'COMPLETED', 'f54cbe16-b770-4630-afd2-b50d8db9e389', NULL);
INSERT INTO public.parking_session (amount_charged, auto_allocated, deposit_credit, from_reservation, check_in_at, check_out_at, id, slot_id, user_id, vehicle_type_id, license_plate, status, ticket_code, allocation_score) VALUES (45000.00, false, NULL, false, '2026-06-14 09:11:00+00', '2026-06-14 11:52:00+00', 176, 6, 4, 3, '51K-39069', 'COMPLETED', '1403ef07-f4ee-4aa1-a0c4-df470fdcc482', NULL);
INSERT INTO public.parking_session (amount_charged, auto_allocated, deposit_credit, from_reservation, check_in_at, check_out_at, id, slot_id, user_id, vehicle_type_id, license_plate, status, ticket_code, allocation_score) VALUES (30000.00, true, NULL, false, '2026-06-15 18:37:00+00', '2026-06-15 19:51:00+00', 177, 74, 8, 3, '51K-28857', 'COMPLETED', 'b5817b3f-bc79-4b29-84bd-d22303e5792d', NULL);
INSERT INTO public.parking_session (amount_charged, auto_allocated, deposit_credit, from_reservation, check_in_at, check_out_at, id, slot_id, user_id, vehicle_type_id, license_plate, status, ticket_code, allocation_score) VALUES (10000.00, true, NULL, false, '2026-06-15 14:08:00+00', '2026-06-15 15:55:00+00', 178, 13, 10, 2, '51M-33829', 'COMPLETED', 'd2c83ece-051a-4879-aff5-44173c40caf2', NULL);
INSERT INTO public.parking_session (amount_charged, auto_allocated, deposit_credit, from_reservation, check_in_at, check_out_at, id, slot_id, user_id, vehicle_type_id, license_plate, status, ticket_code, allocation_score) VALUES (45000.00, false, NULL, false, '2026-06-15 08:22:00+00', '2026-06-15 11:10:00+00', 179, 9, 8, 3, '51P-00003', 'COMPLETED', '31621442-38d2-4b2a-ba41-e7adfd730396', NULL);
INSERT INTO public.parking_session (amount_charged, auto_allocated, deposit_credit, from_reservation, check_in_at, check_out_at, id, slot_id, user_id, vehicle_type_id, license_plate, status, ticket_code, allocation_score) VALUES (45000.00, true, NULL, false, '2026-06-15 12:11:00+00', '2026-06-15 14:30:00+00', 180, 72, 10, 3, '51E-18425', 'COMPLETED', '8bb4bee5-7cf1-4098-8ce3-a5e8452be563', NULL);
INSERT INTO public.parking_session (amount_charged, auto_allocated, deposit_credit, from_reservation, check_in_at, check_out_at, id, slot_id, user_id, vehicle_type_id, license_plate, status, ticket_code, allocation_score) VALUES (25000.00, false, NULL, false, '2026-06-15 08:59:00+00', '2026-06-15 13:34:00+00', 181, 80, 5, 2, '51D-01898', 'COMPLETED', '229eb132-6f4e-4857-a41e-1220f5a01aae', NULL);
INSERT INTO public.parking_session (amount_charged, auto_allocated, deposit_credit, from_reservation, check_in_at, check_out_at, id, slot_id, user_id, vehicle_type_id, license_plate, status, ticket_code, allocation_score) VALUES (75000.00, false, NULL, false, '2026-06-15 18:50:00+00', '2026-06-15 23:26:00+00', 182, 27, 5, 3, '51P-11746', 'COMPLETED', 'a3a4d844-916e-4ff1-be4c-6dbc1ee2ce58', NULL);
INSERT INTO public.parking_session (amount_charged, auto_allocated, deposit_credit, from_reservation, check_in_at, check_out_at, id, slot_id, user_id, vehicle_type_id, license_plate, status, ticket_code, allocation_score) VALUES (20000.00, false, NULL, false, '2026-06-15 08:01:00+00', '2026-06-15 09:09:00+00', 183, 56, 6, 1, '51P-87582', 'COMPLETED', '396278ba-c84f-41a1-a114-39eda510d833', NULL);
INSERT INTO public.parking_session (amount_charged, auto_allocated, deposit_credit, from_reservation, check_in_at, check_out_at, id, slot_id, user_id, vehicle_type_id, license_plate, status, ticket_code, allocation_score) VALUES (20000.00, false, NULL, false, '2026-06-15 19:33:00+00', '2026-06-15 21:28:00+00', 184, 1, 6, 1, '51B-21821', 'COMPLETED', 'f6706ce4-378e-4352-9f2b-720ba33caedf', NULL);
INSERT INTO public.parking_session (amount_charged, auto_allocated, deposit_credit, from_reservation, check_in_at, check_out_at, id, slot_id, user_id, vehicle_type_id, license_plate, status, ticket_code, allocation_score) VALUES (40000.00, false, NULL, false, '2026-06-15 08:01:00+00', '2026-06-15 11:13:00+00', 185, 41, 8, 1, '51D-83552', 'COMPLETED', '342d046d-e15a-4df4-b81a-316187d99ad1', NULL);
INSERT INTO public.parking_session (amount_charged, auto_allocated, deposit_credit, from_reservation, check_in_at, check_out_at, id, slot_id, user_id, vehicle_type_id, license_plate, status, ticket_code, allocation_score) VALUES (20000.00, true, NULL, false, '2026-06-15 07:10:00+00', '2026-06-15 11:09:00+00', 186, 46, 8, 2, '51S-48188', 'COMPLETED', '9e15a41b-65fe-4fe1-aa47-40939e023e15', NULL);
INSERT INTO public.parking_session (amount_charged, auto_allocated, deposit_credit, from_reservation, check_in_at, check_out_at, id, slot_id, user_id, vehicle_type_id, license_plate, status, ticket_code, allocation_score) VALUES (40000.00, true, NULL, false, '2026-06-15 09:35:00+00', '2026-06-15 13:00:00+00', 187, 28, 11, 1, '51H-02681', 'COMPLETED', 'abdea154-ddf5-40ff-8125-0158a0241dd5', NULL);
INSERT INTO public.parking_session (amount_charged, auto_allocated, deposit_credit, from_reservation, check_in_at, check_out_at, id, slot_id, user_id, vehicle_type_id, license_plate, status, ticket_code, allocation_score) VALUES (20000.00, true, NULL, false, '2026-06-15 09:27:00+00', '2026-06-15 12:35:00+00', 188, 74, 9, 2, '51F-60085', 'COMPLETED', 'a0bd3d38-f50d-400a-aeb5-f77559798526', NULL);
INSERT INTO public.parking_session (amount_charged, auto_allocated, deposit_credit, from_reservation, check_in_at, check_out_at, id, slot_id, user_id, vehicle_type_id, license_plate, status, ticket_code, allocation_score) VALUES (30000.00, false, NULL, false, '2026-06-16 18:09:00+00', '2026-06-16 19:56:00+00', 189, 59, 4, 3, '51O-23810', 'COMPLETED', '28a4efd6-d309-425e-b42f-3b7aca23bf5b', NULL);
INSERT INTO public.parking_session (amount_charged, auto_allocated, deposit_credit, from_reservation, check_in_at, check_out_at, id, slot_id, user_id, vehicle_type_id, license_plate, status, ticket_code, allocation_score) VALUES (45000.00, true, NULL, false, '2026-06-16 09:06:00+00', '2026-06-16 11:08:00+00', 190, 37, 8, 3, '51W-24060', 'COMPLETED', '373c6f8f-31f8-4b99-b253-d975fda903fd', NULL);
INSERT INTO public.parking_session (amount_charged, auto_allocated, deposit_credit, from_reservation, check_in_at, check_out_at, id, slot_id, user_id, vehicle_type_id, license_plate, status, ticket_code, allocation_score) VALUES (50000.00, true, NULL, false, '2026-06-16 07:27:00+00', '2026-06-16 12:11:00+00', 191, 5, 8, 1, '51O-68679', 'COMPLETED', 'badbe17c-ac6c-417b-afb1-375e130662f3', NULL);
INSERT INTO public.parking_session (amount_charged, auto_allocated, deposit_credit, from_reservation, check_in_at, check_out_at, id, slot_id, user_id, vehicle_type_id, license_plate, status, ticket_code, allocation_score) VALUES (20000.00, false, NULL, false, '2026-06-16 20:16:00+00', '2026-06-16 23:51:00+00', 192, 75, 6, 2, '51G-77237', 'COMPLETED', '70708a92-f9c8-4bfe-8136-d155b609554b', NULL);
INSERT INTO public.parking_session (amount_charged, auto_allocated, deposit_credit, from_reservation, check_in_at, check_out_at, id, slot_id, user_id, vehicle_type_id, license_plate, status, ticket_code, allocation_score) VALUES (60000.00, true, NULL, false, '2026-06-16 20:33:00+00', '2026-06-17 00:14:00+00', 193, 60, 10, 3, '51F-28468', 'COMPLETED', 'fdb077d4-31ad-4b5a-862b-b38ab0244dfa', NULL);
INSERT INTO public.parking_session (amount_charged, auto_allocated, deposit_credit, from_reservation, check_in_at, check_out_at, id, slot_id, user_id, vehicle_type_id, license_plate, status, ticket_code, allocation_score) VALUES (15000.00, false, NULL, false, '2026-06-16 08:32:00+00', '2026-06-16 10:51:00+00', 194, 53, 6, 2, '51J-43900', 'COMPLETED', '327e2261-a56c-4660-b028-6ec36bf828c7', NULL);
INSERT INTO public.parking_session (amount_charged, auto_allocated, deposit_credit, from_reservation, check_in_at, check_out_at, id, slot_id, user_id, vehicle_type_id, license_plate, status, ticket_code, allocation_score) VALUES (30000.00, true, NULL, false, '2026-06-16 17:19:00+00', '2026-06-16 20:17:00+00', 195, 65, 7, 1, '51G-25477', 'COMPLETED', '31ee209c-05d6-479a-a72e-bea5e05ae663', NULL);
INSERT INTO public.parking_session (amount_charged, auto_allocated, deposit_credit, from_reservation, check_in_at, check_out_at, id, slot_id, user_id, vehicle_type_id, license_plate, status, ticket_code, allocation_score) VALUES (20000.00, false, NULL, false, '2026-06-16 08:43:00+00', '2026-06-16 10:12:00+00', 196, 55, 7, 1, '51Y-58366', 'COMPLETED', 'f93d8a17-a095-42ad-96de-a9033b8990fb', NULL);
INSERT INTO public.parking_session (amount_charged, auto_allocated, deposit_credit, from_reservation, check_in_at, check_out_at, id, slot_id, user_id, vehicle_type_id, license_plate, status, ticket_code, allocation_score) VALUES (10000.00, true, NULL, false, '2026-06-16 17:01:00+00', '2026-06-16 18:41:00+00', 197, 22, 5, 2, '51Q-71987', 'COMPLETED', '8875db4f-e0f5-4e57-903e-3cb16dcad711', NULL);
INSERT INTO public.parking_session (amount_charged, auto_allocated, deposit_credit, from_reservation, check_in_at, check_out_at, id, slot_id, user_id, vehicle_type_id, license_plate, status, ticket_code, allocation_score) VALUES (30000.00, false, NULL, false, '2026-06-17 17:26:00+00', '2026-06-17 18:35:00+00', 198, 63, 5, 3, '51X-27963', 'COMPLETED', '1a1460a3-94a3-4dc9-bb47-3a918ad31e53', NULL);
INSERT INTO public.parking_session (amount_charged, auto_allocated, deposit_credit, from_reservation, check_in_at, check_out_at, id, slot_id, user_id, vehicle_type_id, license_plate, status, ticket_code, allocation_score) VALUES (10000.00, true, NULL, false, '2026-06-17 08:38:00+00', '2026-06-17 10:14:00+00', 199, 8, 5, 2, '51I-10751', 'COMPLETED', '8dbb0e10-0b76-4f8b-9921-5b53134aa250', NULL);
INSERT INTO public.parking_session (amount_charged, auto_allocated, deposit_credit, from_reservation, check_in_at, check_out_at, id, slot_id, user_id, vehicle_type_id, license_plate, status, ticket_code, allocation_score) VALUES (20000.00, true, NULL, false, '2026-06-17 07:00:00+00', '2026-06-17 10:14:00+00', 200, 78, 9, 2, '51O-93043', 'COMPLETED', 'c076885c-bd71-43e1-9c44-67cba4f1bfa0', NULL);
INSERT INTO public.parking_session (amount_charged, auto_allocated, deposit_credit, from_reservation, check_in_at, check_out_at, id, slot_id, user_id, vehicle_type_id, license_plate, status, ticket_code, allocation_score) VALUES (30000.00, false, NULL, false, '2026-06-17 09:24:00+00', '2026-06-17 10:47:00+00', 201, 62, 7, 3, '51S-80009', 'COMPLETED', 'd3f74992-889b-4f6c-a37e-2854cbf741e9', NULL);
INSERT INTO public.parking_session (amount_charged, auto_allocated, deposit_credit, from_reservation, check_in_at, check_out_at, id, slot_id, user_id, vehicle_type_id, license_plate, status, ticket_code, allocation_score) VALUES (15000.00, true, NULL, false, '2026-06-17 08:37:00+00', '2026-06-17 10:57:00+00', 202, 67, 4, 2, '51D-27654', 'COMPLETED', 'c727ebaf-196a-44ab-8167-3dae0a8cc83e', NULL);
INSERT INTO public.parking_session (amount_charged, auto_allocated, deposit_credit, from_reservation, check_in_at, check_out_at, id, slot_id, user_id, vehicle_type_id, license_plate, status, ticket_code, allocation_score) VALUES (60000.00, false, NULL, false, '2026-06-17 12:31:00+00', '2026-06-17 17:38:00+00', 203, 21, 7, 1, '51J-19948', 'COMPLETED', '98b3976f-f60c-4aee-b8a6-0f48055d4090', NULL);
INSERT INTO public.parking_session (amount_charged, auto_allocated, deposit_credit, from_reservation, check_in_at, check_out_at, id, slot_id, user_id, vehicle_type_id, license_plate, status, ticket_code, allocation_score) VALUES (20000.00, false, NULL, false, '2026-06-17 08:30:00+00', '2026-06-17 11:36:00+00', 204, 67, 9, 2, '51A-19074', 'COMPLETED', 'c685e678-ab28-4525-9ef2-26523f3ebc62', NULL);
INSERT INTO public.parking_session (amount_charged, auto_allocated, deposit_credit, from_reservation, check_in_at, check_out_at, id, slot_id, user_id, vehicle_type_id, license_plate, status, ticket_code, allocation_score) VALUES (30000.00, false, NULL, false, '2026-06-17 17:16:00+00', '2026-06-17 19:54:00+00', 205, 79, 10, 1, '51R-71930', 'COMPLETED', '5dccae94-a45d-4b08-8496-96237a54445b', NULL);
INSERT INTO public.parking_session (amount_charged, auto_allocated, deposit_credit, from_reservation, check_in_at, check_out_at, id, slot_id, user_id, vehicle_type_id, license_plate, status, ticket_code, allocation_score) VALUES (15000.00, false, NULL, false, '2026-06-17 18:46:00+00', '2026-06-17 20:51:00+00', 206, 6, 6, 2, '51I-40159', 'COMPLETED', '9a0f865e-ae09-4a3e-a22c-65bde6801bad', NULL);
INSERT INTO public.parking_session (amount_charged, auto_allocated, deposit_credit, from_reservation, check_in_at, check_out_at, id, slot_id, user_id, vehicle_type_id, license_plate, status, ticket_code, allocation_score) VALUES (60000.00, true, NULL, false, '2026-06-17 09:38:00+00', '2026-06-17 15:00:00+00', 207, 50, 9, 1, '51P-65319', 'COMPLETED', '00e32d3a-bf41-4fef-b2d3-32632e466d62', NULL);
INSERT INTO public.parking_session (amount_charged, auto_allocated, deposit_credit, from_reservation, check_in_at, check_out_at, id, slot_id, user_id, vehicle_type_id, license_plate, status, ticket_code, allocation_score) VALUES (90000.00, false, NULL, false, '2026-06-17 17:55:00+00', '2026-06-17 23:21:00+00', 208, 43, 11, 3, '51K-62391', 'COMPLETED', 'a8dbeb42-7615-4792-a552-051ff5044f60', NULL);
INSERT INTO public.parking_session (amount_charged, auto_allocated, deposit_credit, from_reservation, check_in_at, check_out_at, id, slot_id, user_id, vehicle_type_id, license_plate, status, ticket_code, allocation_score) VALUES (10000.00, true, NULL, false, '2026-06-17 18:53:00+00', '2026-06-17 19:50:00+00', 209, 69, 10, 1, '51X-73970', 'COMPLETED', '134b67a8-1df4-4468-b651-779665b0c5ef', NULL);
INSERT INTO public.parking_session (amount_charged, auto_allocated, deposit_credit, from_reservation, check_in_at, check_out_at, id, slot_id, user_id, vehicle_type_id, license_plate, status, ticket_code, allocation_score) VALUES (30000.00, true, NULL, false, '2026-06-17 07:21:00+00', '2026-06-17 12:23:00+00', 210, 48, 11, 2, '51N-86338', 'COMPLETED', '018f5108-bc40-405c-8cb9-5efee7dda68e', NULL);
INSERT INTO public.parking_session (amount_charged, auto_allocated, deposit_credit, from_reservation, check_in_at, check_out_at, id, slot_id, user_id, vehicle_type_id, license_plate, status, ticket_code, allocation_score) VALUES (25000.00, true, NULL, false, '2026-06-17 17:03:00+00', '2026-06-17 21:20:00+00', 211, 60, 6, 2, '51R-53682', 'COMPLETED', '046464c9-e129-480e-8054-2d7349069a37', NULL);
INSERT INTO public.parking_session (amount_charged, auto_allocated, deposit_credit, from_reservation, check_in_at, check_out_at, id, slot_id, user_id, vehicle_type_id, license_plate, status, ticket_code, allocation_score) VALUES (10000.00, false, NULL, false, '2026-06-18 08:42:00+00', '2026-06-18 09:44:00+00', 212, 31, 6, 2, '51K-89614', 'COMPLETED', '676b97a9-391f-429e-be07-c02951580f48', NULL);
INSERT INTO public.parking_session (amount_charged, auto_allocated, deposit_credit, from_reservation, check_in_at, check_out_at, id, slot_id, user_id, vehicle_type_id, license_plate, status, ticket_code, allocation_score) VALUES (40000.00, false, NULL, false, '2026-06-18 18:24:00+00', '2026-06-18 21:32:00+00', 213, 32, 8, 1, '51Q-05588', 'COMPLETED', '0d573691-bb78-42d6-8e0e-fa56c4937c43', NULL);
INSERT INTO public.parking_session (amount_charged, auto_allocated, deposit_credit, from_reservation, check_in_at, check_out_at, id, slot_id, user_id, vehicle_type_id, license_plate, status, ticket_code, allocation_score) VALUES (20000.00, true, NULL, false, '2026-06-18 14:15:00+00', '2026-06-18 17:32:00+00', 214, 79, 6, 2, '51W-40273', 'COMPLETED', 'e8610bd8-3cb5-4594-ac5c-5287938be0c5', NULL);
INSERT INTO public.parking_session (amount_charged, auto_allocated, deposit_credit, from_reservation, check_in_at, check_out_at, id, slot_id, user_id, vehicle_type_id, license_plate, status, ticket_code, allocation_score) VALUES (30000.00, true, NULL, false, '2026-06-18 18:36:00+00', '2026-06-18 19:45:00+00', 215, 59, 10, 3, '51B-35245', 'COMPLETED', '771a30af-22a9-4925-b767-1232012462df', NULL);
INSERT INTO public.parking_session (amount_charged, auto_allocated, deposit_credit, from_reservation, check_in_at, check_out_at, id, slot_id, user_id, vehicle_type_id, license_plate, status, ticket_code, allocation_score) VALUES (30000.00, true, NULL, false, '2026-06-18 20:58:00+00', '2026-06-18 22:52:00+00', 216, 70, 10, 3, '51P-76989', 'COMPLETED', '66f72a60-9d34-4910-92c2-57a8c8276afc', NULL);
INSERT INTO public.parking_session (amount_charged, auto_allocated, deposit_credit, from_reservation, check_in_at, check_out_at, id, slot_id, user_id, vehicle_type_id, license_plate, status, ticket_code, allocation_score) VALUES (60000.00, true, NULL, false, '2026-06-18 08:16:00+00', '2026-06-18 11:49:00+00', 217, 7, 6, 3, '51A-43838', 'COMPLETED', 'f524e20f-9ba5-4ab9-bec5-dcac2385cdd2', NULL);
INSERT INTO public.parking_session (amount_charged, auto_allocated, deposit_credit, from_reservation, check_in_at, check_out_at, id, slot_id, user_id, vehicle_type_id, license_plate, status, ticket_code, allocation_score) VALUES (15000.00, false, NULL, false, '2026-06-18 07:39:00+00', '2026-06-18 08:32:00+00', 218, 86, 9, 3, '51E-95089', 'COMPLETED', '9fc2c652-6e0b-44f2-bf69-667d01a3af79', NULL);
INSERT INTO public.parking_session (amount_charged, auto_allocated, deposit_credit, from_reservation, check_in_at, check_out_at, id, slot_id, user_id, vehicle_type_id, license_plate, status, ticket_code, allocation_score) VALUES (90000.00, false, NULL, false, '2026-06-18 08:52:00+00', '2026-06-18 14:10:00+00', 219, 22, 11, 3, '51S-21280', 'COMPLETED', '37dedfba-1cc9-4538-9db9-84ebd18ff4e9', NULL);
INSERT INTO public.parking_session (amount_charged, auto_allocated, deposit_credit, from_reservation, check_in_at, check_out_at, id, slot_id, user_id, vehicle_type_id, license_plate, status, ticket_code, allocation_score) VALUES (60000.00, true, NULL, false, '2026-06-18 14:34:00+00', '2026-06-18 18:18:00+00', 220, 67, 11, 3, '51S-93162', 'COMPLETED', 'a4d76ea6-7cdf-4b08-995d-8d87ef3a6ece', NULL);
INSERT INTO public.parking_session (amount_charged, auto_allocated, deposit_credit, from_reservation, check_in_at, check_out_at, id, slot_id, user_id, vehicle_type_id, license_plate, status, ticket_code, allocation_score) VALUES (50000.00, false, NULL, false, '2026-06-18 20:13:00+00', '2026-06-19 00:32:00+00', 221, 21, 5, 1, '51W-05123', 'COMPLETED', '2decdc97-c9e6-485a-a2be-906d0b7ad822', NULL);
INSERT INTO public.parking_session (amount_charged, auto_allocated, deposit_credit, from_reservation, check_in_at, check_out_at, id, slot_id, user_id, vehicle_type_id, license_plate, status, ticket_code, allocation_score) VALUES (30000.00, false, NULL, false, '2026-06-18 08:48:00+00', '2026-06-18 10:12:00+00', 222, 34, 8, 3, '51A-80315', 'COMPLETED', '759d5e6f-164b-4027-8911-6fac2052498c', NULL);
INSERT INTO public.parking_session (amount_charged, auto_allocated, deposit_credit, from_reservation, check_in_at, check_out_at, id, slot_id, user_id, vehicle_type_id, license_plate, status, ticket_code, allocation_score) VALUES (30000.00, true, NULL, false, '2026-06-18 08:51:00+00', '2026-06-18 13:54:00+00', 223, 38, 6, 2, '51B-83437', 'COMPLETED', '7b0b6bb6-a536-4e9f-8625-7a14643962a4', NULL);
INSERT INTO public.parking_session (amount_charged, auto_allocated, deposit_credit, from_reservation, check_in_at, check_out_at, id, slot_id, user_id, vehicle_type_id, license_plate, status, ticket_code, allocation_score) VALUES (45000.00, true, NULL, false, '2026-06-19 07:30:00+00', '2026-06-19 10:11:00+00', 224, 75, 7, 3, '51E-80773', 'COMPLETED', '04598725-0ef8-4571-80fc-599137d6647a', NULL);
INSERT INTO public.parking_session (amount_charged, auto_allocated, deposit_credit, from_reservation, check_in_at, check_out_at, id, slot_id, user_id, vehicle_type_id, license_plate, status, ticket_code, allocation_score) VALUES (50000.00, false, NULL, false, '2026-06-19 17:13:00+00', '2026-06-19 22:09:00+00', 225, 81, 8, 1, '51R-45035', 'COMPLETED', 'ade9154b-f4e0-402a-9702-720a7959e040', NULL);
INSERT INTO public.parking_session (amount_charged, auto_allocated, deposit_credit, from_reservation, check_in_at, check_out_at, id, slot_id, user_id, vehicle_type_id, license_plate, status, ticket_code, allocation_score) VALUES (5000.00, false, NULL, false, '2026-06-19 12:46:00+00', '2026-06-19 13:28:00+00', 226, 7, 5, 2, '51R-68960', 'COMPLETED', 'cb54464f-8fe4-4090-9e4f-d4aa9b459420', NULL);
INSERT INTO public.parking_session (amount_charged, auto_allocated, deposit_credit, from_reservation, check_in_at, check_out_at, id, slot_id, user_id, vehicle_type_id, license_plate, status, ticket_code, allocation_score) VALUES (75000.00, false, NULL, false, '2026-06-19 20:25:00+00', '2026-06-20 01:23:00+00', 227, 25, 8, 3, '51S-31592', 'COMPLETED', '20a5402e-49c1-4764-a475-6b2714de2099', NULL);
INSERT INTO public.parking_session (amount_charged, auto_allocated, deposit_credit, from_reservation, check_in_at, check_out_at, id, slot_id, user_id, vehicle_type_id, license_plate, status, ticket_code, allocation_score) VALUES (45000.00, false, NULL, false, '2026-06-19 12:22:00+00', '2026-06-19 14:48:00+00', 228, 11, 5, 3, '51I-31643', 'COMPLETED', '9aaf506b-3e40-4952-a387-847b4f1efbbe', NULL);
INSERT INTO public.parking_session (amount_charged, auto_allocated, deposit_credit, from_reservation, check_in_at, check_out_at, id, slot_id, user_id, vehicle_type_id, license_plate, status, ticket_code, allocation_score) VALUES (20000.00, false, NULL, false, '2026-06-19 07:19:00+00', '2026-06-19 08:58:00+00', 229, 56, 8, 1, '51C-24989', 'COMPLETED', '98599593-234d-40c1-ad27-deea7996d4b3', NULL);
INSERT INTO public.parking_session (amount_charged, auto_allocated, deposit_credit, from_reservation, check_in_at, check_out_at, id, slot_id, user_id, vehicle_type_id, license_plate, status, ticket_code, allocation_score) VALUES (45000.00, true, NULL, false, '2026-06-19 20:00:00+00', '2026-06-19 22:53:00+00', 230, 74, 7, 3, '51G-91947', 'COMPLETED', '28a5b69c-d2e6-4464-ad2b-a9f0aad1c02e', NULL);
INSERT INTO public.parking_session (amount_charged, auto_allocated, deposit_credit, from_reservation, check_in_at, check_out_at, id, slot_id, user_id, vehicle_type_id, license_plate, status, ticket_code, allocation_score) VALUES (20000.00, true, NULL, false, '2026-06-19 08:50:00+00', '2026-06-19 10:09:00+00', 231, 21, 5, 1, '51D-53863', 'COMPLETED', '04bcc730-88d6-4890-937d-acd3fdc58af1', NULL);
INSERT INTO public.parking_session (amount_charged, auto_allocated, deposit_credit, from_reservation, check_in_at, check_out_at, id, slot_id, user_id, vehicle_type_id, license_plate, status, ticket_code, allocation_score) VALUES (30000.00, true, NULL, false, '2026-06-20 18:08:00+00', '2026-06-20 20:09:00+00', 232, 59, 4, 1, '51A-54858', 'COMPLETED', 'aed73d26-eafd-4b8d-b1df-43dc8b24e072', NULL);
INSERT INTO public.parking_session (amount_charged, auto_allocated, deposit_credit, from_reservation, check_in_at, check_out_at, id, slot_id, user_id, vehicle_type_id, license_plate, status, ticket_code, allocation_score) VALUES (20000.00, false, NULL, false, '2026-06-20 19:52:00+00', '2026-06-20 23:25:00+00', 233, 76, 10, 2, '51C-64768', 'COMPLETED', 'bc247095-3779-49be-9201-5cb47599402e', NULL);
INSERT INTO public.parking_session (amount_charged, auto_allocated, deposit_credit, from_reservation, check_in_at, check_out_at, id, slot_id, user_id, vehicle_type_id, license_plate, status, ticket_code, allocation_score) VALUES (75000.00, false, NULL, false, '2026-06-20 17:34:00+00', '2026-06-20 22:22:00+00', 234, 80, 5, 3, '51M-91053', 'COMPLETED', '6bae5898-9fc6-4310-b094-8c258c1e3824', NULL);
INSERT INTO public.parking_session (amount_charged, auto_allocated, deposit_credit, from_reservation, check_in_at, check_out_at, id, slot_id, user_id, vehicle_type_id, license_plate, status, ticket_code, allocation_score) VALUES (20000.00, true, NULL, false, '2026-06-20 18:05:00+00', '2026-06-20 21:48:00+00', 235, 38, 4, 2, '51P-47980', 'COMPLETED', '2eb92295-c5e0-404c-b042-b0b91a3024de', NULL);
INSERT INTO public.parking_session (amount_charged, auto_allocated, deposit_credit, from_reservation, check_in_at, check_out_at, id, slot_id, user_id, vehicle_type_id, license_plate, status, ticket_code, allocation_score) VALUES (10000.00, false, NULL, false, '2026-06-20 09:09:00+00', '2026-06-20 10:00:00+00', 236, 24, 6, 1, '51Y-25057', 'COMPLETED', 'c8743be2-adc8-46ac-b784-843e8c9d0006', NULL);
INSERT INTO public.parking_session (amount_charged, auto_allocated, deposit_credit, from_reservation, check_in_at, check_out_at, id, slot_id, user_id, vehicle_type_id, license_plate, status, ticket_code, allocation_score) VALUES (60000.00, true, NULL, false, '2026-06-20 19:32:00+00', '2026-06-21 00:39:00+00', 237, 20, 11, 1, '51X-57473', 'COMPLETED', '628eb6a9-c778-4f7b-ba96-1dbe28fa09c9', NULL);
INSERT INTO public.parking_session (amount_charged, auto_allocated, deposit_credit, from_reservation, check_in_at, check_out_at, id, slot_id, user_id, vehicle_type_id, license_plate, status, ticket_code, allocation_score) VALUES (60000.00, false, NULL, false, '2026-06-20 20:26:00+00', '2026-06-21 01:31:00+00', 238, 10, 6, 1, '51O-54888', 'COMPLETED', 'fbc2d8b2-e204-4bc3-b5d9-7a5d503e9eb8', NULL);
INSERT INTO public.parking_session (amount_charged, auto_allocated, deposit_credit, from_reservation, check_in_at, check_out_at, id, slot_id, user_id, vehicle_type_id, license_plate, status, ticket_code, allocation_score) VALUES (10000.00, true, NULL, false, '2026-06-20 08:18:00+00', '2026-06-20 10:04:00+00', 239, 33, 4, 2, '51U-52308', 'COMPLETED', 'e8d85826-9375-43f0-b0c3-0b768f2921f2', NULL);
INSERT INTO public.parking_session (amount_charged, auto_allocated, deposit_credit, from_reservation, check_in_at, check_out_at, id, slot_id, user_id, vehicle_type_id, license_plate, status, ticket_code, allocation_score) VALUES (30000.00, false, NULL, false, '2026-06-20 09:44:00+00', '2026-06-20 15:04:00+00', 240, 52, 10, 2, '51E-75190', 'COMPLETED', '1a938eaa-7219-406d-a061-d5acc7bb7e0e', NULL);
INSERT INTO public.parking_session (amount_charged, auto_allocated, deposit_credit, from_reservation, check_in_at, check_out_at, id, slot_id, user_id, vehicle_type_id, license_plate, status, ticket_code, allocation_score) VALUES (20000.00, true, NULL, false, '2026-06-20 09:11:00+00', '2026-06-20 12:55:00+00', 241, 6, 9, 2, '51Q-04684', 'COMPLETED', 'df7a3387-3cce-450c-b750-44bc604d8b6b', NULL);
INSERT INTO public.parking_session (amount_charged, auto_allocated, deposit_credit, from_reservation, check_in_at, check_out_at, id, slot_id, user_id, vehicle_type_id, license_plate, status, ticket_code, allocation_score) VALUES (50000.00, false, NULL, false, '2026-06-20 14:34:00+00', '2026-06-20 19:27:00+00', 242, 78, 9, 1, '51G-99322', 'COMPLETED', '22620f14-e713-4c28-b3b0-ece3310a9d22', NULL);
INSERT INTO public.parking_session (amount_charged, auto_allocated, deposit_credit, from_reservation, check_in_at, check_out_at, id, slot_id, user_id, vehicle_type_id, license_plate, status, ticket_code, allocation_score) VALUES (60000.00, true, NULL, false, '2026-06-20 09:20:00+00', '2026-06-20 12:53:00+00', 243, 36, 8, 3, '51O-10293', 'COMPLETED', '49d4f9ea-9ff0-4da0-bd2c-b63bf6e958c1', NULL);
INSERT INTO public.parking_session (amount_charged, auto_allocated, deposit_credit, from_reservation, check_in_at, check_out_at, id, slot_id, user_id, vehicle_type_id, license_plate, status, ticket_code, allocation_score) VALUES (15000.00, true, NULL, false, '2026-06-20 07:37:00+00', '2026-06-20 08:36:00+00', 244, 84, 4, 3, '51S-56216', 'COMPLETED', 'a293f439-28a7-432b-9be3-8a4ae96e9f11', NULL);
INSERT INTO public.parking_session (amount_charged, auto_allocated, deposit_credit, from_reservation, check_in_at, check_out_at, id, slot_id, user_id, vehicle_type_id, license_plate, status, ticket_code, allocation_score) VALUES (25000.00, true, NULL, false, '2026-06-20 08:52:00+00', '2026-06-20 13:10:00+00', 245, 40, 8, 2, '51E-09808', 'COMPLETED', '51f30af8-5139-4b4d-9c24-cdb0e36bb80a', NULL);
INSERT INTO public.parking_session (amount_charged, auto_allocated, deposit_credit, from_reservation, check_in_at, check_out_at, id, slot_id, user_id, vehicle_type_id, license_plate, status, ticket_code, allocation_score) VALUES (75000.00, false, NULL, false, '2026-06-21 17:30:00+00', '2026-06-21 22:11:00+00', 246, 65, 11, 3, '51H-71401', 'COMPLETED', 'f1f11177-b158-4f8f-b781-7cdda139321b', NULL);
INSERT INTO public.parking_session (amount_charged, auto_allocated, deposit_credit, from_reservation, check_in_at, check_out_at, id, slot_id, user_id, vehicle_type_id, license_plate, status, ticket_code, allocation_score) VALUES (15000.00, false, NULL, false, '2026-06-21 12:46:00+00', '2026-06-21 14:51:00+00', 247, 55, 11, 2, '51C-92133', 'COMPLETED', '57f31197-c2c2-44de-ab23-958d72404e0d', NULL);
INSERT INTO public.parking_session (amount_charged, auto_allocated, deposit_credit, from_reservation, check_in_at, check_out_at, id, slot_id, user_id, vehicle_type_id, license_plate, status, ticket_code, allocation_score) VALUES (30000.00, false, NULL, false, '2026-06-21 09:54:00+00', '2026-06-21 11:35:00+00', 248, 73, 5, 3, '51M-54322', 'COMPLETED', 'c32caf59-f67f-4233-bbc7-3d4a1b13dc64', NULL);
INSERT INTO public.parking_session (amount_charged, auto_allocated, deposit_credit, from_reservation, check_in_at, check_out_at, id, slot_id, user_id, vehicle_type_id, license_plate, status, ticket_code, allocation_score) VALUES (20000.00, true, NULL, false, '2026-06-21 09:35:00+00', '2026-06-21 12:49:00+00', 249, 61, 10, 2, '51W-30815', 'COMPLETED', '6411a1ac-0bb7-419d-8db9-7076c614bd80', NULL);
INSERT INTO public.parking_session (amount_charged, auto_allocated, deposit_credit, from_reservation, check_in_at, check_out_at, id, slot_id, user_id, vehicle_type_id, license_plate, status, ticket_code, allocation_score) VALUES (90000.00, false, NULL, false, '2026-06-21 08:49:00+00', '2026-06-21 13:58:00+00', 250, 28, 5, 3, '51B-48964', 'COMPLETED', '2b1a75d2-7180-419d-89ba-6ba82d5b9c67', NULL);
INSERT INTO public.parking_session (amount_charged, auto_allocated, deposit_credit, from_reservation, check_in_at, check_out_at, id, slot_id, user_id, vehicle_type_id, license_plate, status, ticket_code, allocation_score) VALUES (15000.00, false, NULL, false, '2026-06-21 07:55:00+00', '2026-06-21 10:44:00+00', 251, 42, 9, 2, '51J-63297', 'COMPLETED', '812f2f69-e781-4690-bdbc-511f239c552d', NULL);
INSERT INTO public.parking_session (amount_charged, auto_allocated, deposit_credit, from_reservation, check_in_at, check_out_at, id, slot_id, user_id, vehicle_type_id, license_plate, status, ticket_code, allocation_score) VALUES (15000.00, false, NULL, false, '2026-06-21 18:03:00+00', '2026-06-21 20:49:00+00', 252, 30, 9, 2, '51Q-10523', 'COMPLETED', '7d8f1361-067d-4aff-96a9-4afefa1280c7', NULL);
INSERT INTO public.parking_session (amount_charged, auto_allocated, deposit_credit, from_reservation, check_in_at, check_out_at, id, slot_id, user_id, vehicle_type_id, license_plate, status, ticket_code, allocation_score) VALUES (60000.00, true, NULL, false, '2026-06-21 20:14:00+00', '2026-06-21 23:45:00+00', 253, 81, 6, 3, '51P-26086', 'COMPLETED', '730e103d-3caa-47fc-b1ab-3d30bb9bc446', NULL);
INSERT INTO public.parking_session (amount_charged, auto_allocated, deposit_credit, from_reservation, check_in_at, check_out_at, id, slot_id, user_id, vehicle_type_id, license_plate, status, ticket_code, allocation_score) VALUES (30000.00, true, NULL, false, '2026-06-22 19:22:00+00', '2026-06-23 00:34:00+00', 254, 20, 5, 2, '51K-96641', 'COMPLETED', '090bbe3a-1600-430d-af79-c5d7fa5df4f4', NULL);
INSERT INTO public.parking_session (amount_charged, auto_allocated, deposit_credit, from_reservation, check_in_at, check_out_at, id, slot_id, user_id, vehicle_type_id, license_plate, status, ticket_code, allocation_score) VALUES (20000.00, true, NULL, false, '2026-06-22 08:28:00+00', '2026-06-22 12:01:00+00', 255, 53, 5, 2, '51F-02632', 'COMPLETED', '23a20ffa-870d-4d08-b8ec-1ede88aebff9', NULL);
INSERT INTO public.parking_session (amount_charged, auto_allocated, deposit_credit, from_reservation, check_in_at, check_out_at, id, slot_id, user_id, vehicle_type_id, license_plate, status, ticket_code, allocation_score) VALUES (40000.00, false, NULL, false, '2026-06-22 09:29:00+00', '2026-06-22 13:08:00+00', 256, 60, 9, 1, '51F-86425', 'COMPLETED', '1fbefbeb-2fdb-4aae-93cf-1b75e4e2865e', NULL);
INSERT INTO public.parking_session (amount_charged, auto_allocated, deposit_credit, from_reservation, check_in_at, check_out_at, id, slot_id, user_id, vehicle_type_id, license_plate, status, ticket_code, allocation_score) VALUES (30000.00, false, NULL, false, '2026-06-22 19:36:00+00', '2026-06-23 00:38:00+00', 257, 29, 5, 2, '51P-82949', 'COMPLETED', '0e665968-88d1-4618-a99d-b530be82423e', NULL);
INSERT INTO public.parking_session (amount_charged, auto_allocated, deposit_credit, from_reservation, check_in_at, check_out_at, id, slot_id, user_id, vehicle_type_id, license_plate, status, ticket_code, allocation_score) VALUES (50000.00, false, NULL, false, '2026-06-22 20:29:00+00', '2026-06-23 01:16:00+00', 258, 32, 10, 1, '51J-45096', 'COMPLETED', '0bac5515-8b22-444d-9cdb-bb76fd0c41c3', NULL);
INSERT INTO public.parking_session (amount_charged, auto_allocated, deposit_credit, from_reservation, check_in_at, check_out_at, id, slot_id, user_id, vehicle_type_id, license_plate, status, ticket_code, allocation_score) VALUES (30000.00, false, NULL, false, '2026-06-22 08:49:00+00', '2026-06-22 10:02:00+00', 259, 72, 10, 3, '51F-08657', 'COMPLETED', 'c6d7de22-2089-4df6-b883-f1bf98323d1b', NULL);
INSERT INTO public.parking_session (amount_charged, auto_allocated, deposit_credit, from_reservation, check_in_at, check_out_at, id, slot_id, user_id, vehicle_type_id, license_plate, status, ticket_code, allocation_score) VALUES (50000.00, true, NULL, false, '2026-06-23 08:12:00+00', '2026-06-23 12:27:00+00', 260, 28, 5, 1, '51N-28780', 'COMPLETED', '7d92cf73-4acd-4b29-b889-28087d937c3e', NULL);
INSERT INTO public.parking_session (amount_charged, auto_allocated, deposit_credit, from_reservation, check_in_at, check_out_at, id, slot_id, user_id, vehicle_type_id, license_plate, status, ticket_code, allocation_score) VALUES (40000.00, false, NULL, false, '2026-06-23 08:16:00+00', '2026-06-23 12:12:00+00', 261, 78, 11, 1, '51I-29201', 'COMPLETED', 'bbec877a-1c21-4fae-bf2e-a32463bca1a4', NULL);
INSERT INTO public.parking_session (amount_charged, auto_allocated, deposit_credit, from_reservation, check_in_at, check_out_at, id, slot_id, user_id, vehicle_type_id, license_plate, status, ticket_code, allocation_score) VALUES (50000.00, false, NULL, false, '2026-06-23 08:44:00+00', '2026-06-23 13:16:00+00', 262, 26, 11, 1, '51T-98723', 'COMPLETED', '2978df6b-5462-4578-955f-b097a6962d19', NULL);
INSERT INTO public.parking_session (amount_charged, auto_allocated, deposit_credit, from_reservation, check_in_at, check_out_at, id, slot_id, user_id, vehicle_type_id, license_plate, status, ticket_code, allocation_score) VALUES (30000.00, true, NULL, false, '2026-06-23 09:21:00+00', '2026-06-23 11:13:00+00', 263, 23, 7, 3, '51H-49781', 'COMPLETED', '55e88b1f-0e8d-4497-9bb6-9bbf1f029e4c', NULL);
INSERT INTO public.parking_session (amount_charged, auto_allocated, deposit_credit, from_reservation, check_in_at, check_out_at, id, slot_id, user_id, vehicle_type_id, license_plate, status, ticket_code, allocation_score) VALUES (45000.00, true, NULL, false, '2026-06-23 09:19:00+00', '2026-06-23 12:19:00+00', 264, 67, 9, 3, '51X-90311', 'COMPLETED', 'f10eba8d-79da-429c-bf3d-916ba96df878', NULL);
INSERT INTO public.parking_session (amount_charged, auto_allocated, deposit_credit, from_reservation, check_in_at, check_out_at, id, slot_id, user_id, vehicle_type_id, license_plate, status, ticket_code, allocation_score) VALUES (60000.00, true, NULL, false, '2026-06-23 18:02:00+00', '2026-06-23 21:52:00+00', 265, 75, 7, 3, '51C-14042', 'COMPLETED', 'a17ca784-0499-4a06-8c56-544c6d6eda80', NULL);
INSERT INTO public.parking_session (amount_charged, auto_allocated, deposit_credit, from_reservation, check_in_at, check_out_at, id, slot_id, user_id, vehicle_type_id, license_plate, status, ticket_code, allocation_score) VALUES (5000.00, false, NULL, false, '2026-06-23 17:42:00+00', '2026-06-23 18:22:00+00', 266, 77, 11, 2, '51Q-75920', 'COMPLETED', '7decee9b-53a7-48b7-9cb6-d40662f72cc8', NULL);
INSERT INTO public.parking_session (amount_charged, auto_allocated, deposit_credit, from_reservation, check_in_at, check_out_at, id, slot_id, user_id, vehicle_type_id, license_plate, status, ticket_code, allocation_score) VALUES (30000.00, false, NULL, false, '2026-06-23 17:45:00+00', '2026-06-23 19:43:00+00', 267, 4, 5, 3, '51W-23042', 'COMPLETED', 'de04f9c9-c2bc-449c-88e0-39c5b500d864', NULL);
INSERT INTO public.parking_session (amount_charged, auto_allocated, deposit_credit, from_reservation, check_in_at, check_out_at, id, slot_id, user_id, vehicle_type_id, license_plate, status, ticket_code, allocation_score) VALUES (20000.00, true, NULL, false, '2026-06-23 17:55:00+00', '2026-06-23 19:51:00+00', 268, 57, 10, 1, '51G-01519', 'COMPLETED', '9db4264e-4143-4d85-af8d-8e077491a05f', NULL);
INSERT INTO public.parking_session (amount_charged, auto_allocated, deposit_credit, from_reservation, check_in_at, check_out_at, id, slot_id, user_id, vehicle_type_id, license_plate, status, ticket_code, allocation_score) VALUES (75000.00, false, NULL, false, '2026-06-23 07:30:00+00', '2026-06-23 12:02:00+00', 269, 4, 10, 3, '51T-63622', 'COMPLETED', '02dcd128-8e86-4324-94bc-645c6321eee4', NULL);
INSERT INTO public.parking_session (amount_charged, auto_allocated, deposit_credit, from_reservation, check_in_at, check_out_at, id, slot_id, user_id, vehicle_type_id, license_plate, status, ticket_code, allocation_score) VALUES (40000.00, false, NULL, false, '2026-06-24 19:17:00+00', '2026-06-24 22:35:00+00', 270, 24, 5, 1, '51Z-59764', 'COMPLETED', 'd8b773e0-de22-437b-9452-e33710d06291', NULL);
INSERT INTO public.parking_session (amount_charged, auto_allocated, deposit_credit, from_reservation, check_in_at, check_out_at, id, slot_id, user_id, vehicle_type_id, license_plate, status, ticket_code, allocation_score) VALUES (60000.00, false, NULL, false, '2026-06-24 07:13:00+00', '2026-06-24 12:23:00+00', 271, 70, 9, 1, '51T-64074', 'COMPLETED', 'b3285b5c-d0e7-4c51-940a-33cb1aac4274', NULL);
INSERT INTO public.parking_session (amount_charged, auto_allocated, deposit_credit, from_reservation, check_in_at, check_out_at, id, slot_id, user_id, vehicle_type_id, license_plate, status, ticket_code, allocation_score) VALUES (10000.00, true, NULL, false, '2026-06-24 17:29:00+00', '2026-06-24 18:31:00+00', 272, 53, 7, 2, '51X-81214', 'COMPLETED', '22ffeaea-1230-4347-ba6b-9d61c61e6549', NULL);
INSERT INTO public.parking_session (amount_charged, auto_allocated, deposit_credit, from_reservation, check_in_at, check_out_at, id, slot_id, user_id, vehicle_type_id, license_plate, status, ticket_code, allocation_score) VALUES (20000.00, false, NULL, false, '2026-06-24 08:17:00+00', '2026-06-24 11:34:00+00', 273, 57, 10, 2, '51L-25083', 'COMPLETED', '0c0e0b51-909d-43e3-ac94-524d6f100e98', NULL);
INSERT INTO public.parking_session (amount_charged, auto_allocated, deposit_credit, from_reservation, check_in_at, check_out_at, id, slot_id, user_id, vehicle_type_id, license_plate, status, ticket_code, allocation_score) VALUES (30000.00, false, NULL, false, '2026-06-24 14:11:00+00', '2026-06-24 16:10:00+00', 274, 24, 4, 3, '51K-34064', 'COMPLETED', 'a93fb8cd-daee-4737-a69d-3997dacc6f43', NULL);
INSERT INTO public.parking_session (amount_charged, auto_allocated, deposit_credit, from_reservation, check_in_at, check_out_at, id, slot_id, user_id, vehicle_type_id, license_plate, status, ticket_code, allocation_score) VALUES (30000.00, false, NULL, false, '2026-06-24 20:42:00+00', '2026-06-24 23:39:00+00', 275, 18, 5, 1, '51U-87705', 'COMPLETED', '5352cb7d-eb99-482a-891a-3f765d1ce961', NULL);
INSERT INTO public.parking_session (amount_charged, auto_allocated, deposit_credit, from_reservation, check_in_at, check_out_at, id, slot_id, user_id, vehicle_type_id, license_plate, status, ticket_code, allocation_score) VALUES (5000.00, false, NULL, false, '2026-06-24 17:16:00+00', '2026-06-24 18:14:00+00', 276, 3, 10, 2, '51V-11414', 'COMPLETED', 'ef20df1a-b8a4-4d94-a9cb-06eb43cf480a', NULL);
INSERT INTO public.parking_session (amount_charged, auto_allocated, deposit_credit, from_reservation, check_in_at, check_out_at, id, slot_id, user_id, vehicle_type_id, license_plate, status, ticket_code, allocation_score) VALUES (50000.00, false, NULL, false, '2026-06-24 18:21:00+00', '2026-06-24 22:25:00+00', 277, 61, 8, 1, '51P-54789', 'COMPLETED', '018c424d-7606-40e6-8a65-f07b99974f88', NULL);
INSERT INTO public.parking_session (amount_charged, auto_allocated, deposit_credit, from_reservation, check_in_at, check_out_at, id, slot_id, user_id, vehicle_type_id, license_plate, status, ticket_code, allocation_score) VALUES (40000.00, true, NULL, false, '2026-06-24 07:06:00+00', '2026-06-24 10:53:00+00', 278, 34, 10, 1, '51A-69266', 'COMPLETED', '87f2ab61-32b9-4494-b7f0-969ff33b1199', NULL);
INSERT INTO public.parking_session (amount_charged, auto_allocated, deposit_credit, from_reservation, check_in_at, check_out_at, id, slot_id, user_id, vehicle_type_id, license_plate, status, ticket_code, allocation_score) VALUES (30000.00, false, NULL, false, '2026-06-24 17:06:00+00', '2026-06-24 18:28:00+00', 279, 12, 9, 3, '51L-97426', 'COMPLETED', '9227ed5c-af63-4c33-9306-228c59ab4047', NULL);
INSERT INTO public.parking_session (amount_charged, auto_allocated, deposit_credit, from_reservation, check_in_at, check_out_at, id, slot_id, user_id, vehicle_type_id, license_plate, status, ticket_code, allocation_score) VALUES (25000.00, true, NULL, false, '2026-06-24 12:14:00+00', '2026-06-24 16:15:00+00', 280, 76, 5, 2, '51L-25244', 'COMPLETED', 'c7f8213b-4f9e-4bf4-9788-88119e847d22', NULL);
INSERT INTO public.parking_session (amount_charged, auto_allocated, deposit_credit, from_reservation, check_in_at, check_out_at, id, slot_id, user_id, vehicle_type_id, license_plate, status, ticket_code, allocation_score) VALUES (40000.00, true, NULL, false, '2026-06-24 18:04:00+00', '2026-06-24 22:03:00+00', 281, 47, 7, 1, '51D-24150', 'COMPLETED', '5f48affd-b00a-4e28-87f8-67196267c414', NULL);
INSERT INTO public.parking_session (amount_charged, auto_allocated, deposit_credit, from_reservation, check_in_at, check_out_at, id, slot_id, user_id, vehicle_type_id, license_plate, status, ticket_code, allocation_score) VALUES (15000.00, true, NULL, false, '2026-06-24 18:35:00+00', '2026-06-24 21:24:00+00', 282, 24, 6, 2, '51D-42791', 'COMPLETED', '14cdb363-6839-4cd2-bff7-6b79641b70df', NULL);
INSERT INTO public.parking_session (amount_charged, auto_allocated, deposit_credit, from_reservation, check_in_at, check_out_at, id, slot_id, user_id, vehicle_type_id, license_plate, status, ticket_code, allocation_score) VALUES (60000.00, false, NULL, false, '2026-06-24 12:18:00+00', '2026-06-24 15:48:00+00', 283, 69, 4, 3, '51C-38754', 'COMPLETED', '67545d6d-65e4-4085-9fbc-3a59976284ae', NULL);
INSERT INTO public.parking_session (amount_charged, auto_allocated, deposit_credit, from_reservation, check_in_at, check_out_at, id, slot_id, user_id, vehicle_type_id, license_plate, status, ticket_code, allocation_score) VALUES (30000.00, true, NULL, false, '2026-06-24 17:21:00+00', '2026-06-24 19:23:00+00', 284, 66, 5, 1, '51I-07011', 'COMPLETED', '26e70b0b-1a4b-4202-9878-17091c16015e', NULL);
INSERT INTO public.parking_session (amount_charged, auto_allocated, deposit_credit, from_reservation, check_in_at, check_out_at, id, slot_id, user_id, vehicle_type_id, license_plate, status, ticket_code, allocation_score) VALUES (5000.00, true, NULL, false, '2026-06-25 08:50:00+00', '2026-06-25 09:40:00+00', 285, 52, 7, 2, '51Q-97596', 'COMPLETED', '893e7b07-f4ba-4c44-9aeb-cf112e6dc51d', NULL);
INSERT INTO public.parking_session (amount_charged, auto_allocated, deposit_credit, from_reservation, check_in_at, check_out_at, id, slot_id, user_id, vehicle_type_id, license_plate, status, ticket_code, allocation_score) VALUES (15000.00, true, NULL, false, '2026-06-25 12:25:00+00', '2026-06-25 13:09:00+00', 286, 6, 8, 3, '51O-11947', 'COMPLETED', 'f6eff8fb-f2b1-4d32-9c84-2df02880fa63', NULL);
INSERT INTO public.parking_session (amount_charged, auto_allocated, deposit_credit, from_reservation, check_in_at, check_out_at, id, slot_id, user_id, vehicle_type_id, license_plate, status, ticket_code, allocation_score) VALUES (15000.00, false, NULL, false, '2026-06-25 20:21:00+00', '2026-06-25 22:57:00+00', 287, 49, 7, 2, '51T-31897', 'COMPLETED', '87a77c9e-2e7f-47b8-9642-eeb3c0293fc1', NULL);
INSERT INTO public.parking_session (amount_charged, auto_allocated, deposit_credit, from_reservation, check_in_at, check_out_at, id, slot_id, user_id, vehicle_type_id, license_plate, status, ticket_code, allocation_score) VALUES (20000.00, true, NULL, false, '2026-06-25 20:47:00+00', '2026-06-26 00:41:00+00', 288, 81, 11, 2, '51J-56939', 'COMPLETED', '30396944-2638-4bf2-9bd9-2a6ce1607a70', NULL);
INSERT INTO public.parking_session (amount_charged, auto_allocated, deposit_credit, from_reservation, check_in_at, check_out_at, id, slot_id, user_id, vehicle_type_id, license_plate, status, ticket_code, allocation_score) VALUES (40000.00, true, NULL, false, '2026-06-25 12:16:00+00', '2026-06-25 16:08:00+00', 289, 39, 9, 1, '51X-02522', 'COMPLETED', '8ca2f0cf-b7c1-445c-91ee-47411d79ca5c', NULL);
INSERT INTO public.parking_session (amount_charged, auto_allocated, deposit_credit, from_reservation, check_in_at, check_out_at, id, slot_id, user_id, vehicle_type_id, license_plate, status, ticket_code, allocation_score) VALUES (45000.00, true, NULL, false, '2026-06-25 08:50:00+00', '2026-06-25 10:54:00+00', 290, 66, 6, 3, '51J-14130', 'COMPLETED', '915515b0-e692-4faf-92cd-f2cb56534a8a', NULL);
INSERT INTO public.parking_session (amount_charged, auto_allocated, deposit_credit, from_reservation, check_in_at, check_out_at, id, slot_id, user_id, vehicle_type_id, license_plate, status, ticket_code, allocation_score) VALUES (60000.00, true, NULL, false, '2026-06-25 07:05:00+00', '2026-06-25 10:57:00+00', 291, 85, 8, 3, '51X-59959', 'COMPLETED', 'e272424f-2df8-4f16-87e8-00d545ed39d8', NULL);
INSERT INTO public.parking_session (amount_charged, auto_allocated, deposit_credit, from_reservation, check_in_at, check_out_at, id, slot_id, user_id, vehicle_type_id, license_plate, status, ticket_code, allocation_score) VALUES (10000.00, false, NULL, false, '2026-06-25 17:44:00+00', '2026-06-25 19:41:00+00', 292, 23, 4, 2, '51F-64482', 'COMPLETED', 'a535380d-ac97-4970-b1a5-0f8116e1bf45', NULL);
INSERT INTO public.parking_session (amount_charged, auto_allocated, deposit_credit, from_reservation, check_in_at, check_out_at, id, slot_id, user_id, vehicle_type_id, license_plate, status, ticket_code, allocation_score) VALUES (20000.00, false, NULL, false, '2026-06-25 07:14:00+00', '2026-06-25 10:33:00+00', 293, 4, 9, 2, '51E-75614', 'COMPLETED', '46439205-a14f-49dd-9e85-439b0184da9b', NULL);
INSERT INTO public.parking_session (amount_charged, auto_allocated, deposit_credit, from_reservation, check_in_at, check_out_at, id, slot_id, user_id, vehicle_type_id, license_plate, status, ticket_code, allocation_score) VALUES (50000.00, false, NULL, false, '2026-06-26 14:12:00+00', '2026-06-26 19:01:00+00', 294, 83, 4, 1, '51F-36801', 'COMPLETED', '58cd2d53-e490-491c-b840-f31b9e7ba463', NULL);
INSERT INTO public.parking_session (amount_charged, auto_allocated, deposit_credit, from_reservation, check_in_at, check_out_at, id, slot_id, user_id, vehicle_type_id, license_plate, status, ticket_code, allocation_score) VALUES (90000.00, false, NULL, false, '2026-06-26 18:25:00+00', '2026-06-26 23:26:00+00', 295, 38, 7, 3, '51D-84060', 'COMPLETED', '592cb28f-e76c-4c55-a9e3-da818ea1fe7e', NULL);
INSERT INTO public.parking_session (amount_charged, auto_allocated, deposit_credit, from_reservation, check_in_at, check_out_at, id, slot_id, user_id, vehicle_type_id, license_plate, status, ticket_code, allocation_score) VALUES (20000.00, true, NULL, false, '2026-06-26 07:36:00+00', '2026-06-26 11:28:00+00', 296, 70, 5, 2, '51Y-58156', 'COMPLETED', '0a923276-c3c7-47c0-87e9-563bb87741a7', NULL);
INSERT INTO public.parking_session (amount_charged, auto_allocated, deposit_credit, from_reservation, check_in_at, check_out_at, id, slot_id, user_id, vehicle_type_id, license_plate, status, ticket_code, allocation_score) VALUES (10000.00, true, NULL, false, '2026-06-26 19:14:00+00', '2026-06-26 20:52:00+00', 297, 32, 8, 2, '51A-90329', 'COMPLETED', '19e0b099-a8c1-4405-b6f1-e147b4ed4494', NULL);
INSERT INTO public.parking_session (amount_charged, auto_allocated, deposit_credit, from_reservation, check_in_at, check_out_at, id, slot_id, user_id, vehicle_type_id, license_plate, status, ticket_code, allocation_score) VALUES (20000.00, false, NULL, false, '2026-06-26 17:53:00+00', '2026-06-26 21:20:00+00', 298, 34, 10, 2, '51Q-26886', 'COMPLETED', 'b3b60a1f-2e10-4ff4-8be6-12889bf2d821', NULL);
INSERT INTO public.parking_session (amount_charged, auto_allocated, deposit_credit, from_reservation, check_in_at, check_out_at, id, slot_id, user_id, vehicle_type_id, license_plate, status, ticket_code, allocation_score) VALUES (15000.00, false, NULL, false, '2026-06-26 20:04:00+00', '2026-06-26 22:35:00+00', 299, 82, 7, 2, '51N-73938', 'COMPLETED', '3725d401-be38-4bc2-bfed-b2aa8ab1e431', NULL);
INSERT INTO public.parking_session (amount_charged, auto_allocated, deposit_credit, from_reservation, check_in_at, check_out_at, id, slot_id, user_id, vehicle_type_id, license_plate, status, ticket_code, allocation_score) VALUES (50000.00, false, NULL, false, '2026-06-27 14:45:00+00', '2026-06-27 19:36:00+00', 300, 54, 7, 1, '51M-43734', 'COMPLETED', '3a950d71-dabe-4d1c-8de5-2bc4eb7f960e', NULL);
INSERT INTO public.parking_session (amount_charged, auto_allocated, deposit_credit, from_reservation, check_in_at, check_out_at, id, slot_id, user_id, vehicle_type_id, license_plate, status, ticket_code, allocation_score) VALUES (45000.00, false, NULL, false, '2026-06-27 09:53:00+00', '2026-06-27 12:01:00+00', 301, 66, 5, 3, '51N-51640', 'COMPLETED', 'a3faafd4-f0d8-45a7-9c90-9d3bb4e2bd5c', NULL);
INSERT INTO public.parking_session (amount_charged, auto_allocated, deposit_credit, from_reservation, check_in_at, check_out_at, id, slot_id, user_id, vehicle_type_id, license_plate, status, ticket_code, allocation_score) VALUES (60000.00, false, NULL, false, '2026-06-27 12:51:00+00', '2026-06-27 16:50:00+00', 302, 31, 6, 3, '51V-35818', 'COMPLETED', 'eedbd6cc-cbd8-4450-aef3-fb5cf2c4668d', NULL);
INSERT INTO public.parking_session (amount_charged, auto_allocated, deposit_credit, from_reservation, check_in_at, check_out_at, id, slot_id, user_id, vehicle_type_id, license_plate, status, ticket_code, allocation_score) VALUES (45000.00, false, NULL, false, '2026-06-27 12:04:00+00', '2026-06-27 14:19:00+00', 303, 71, 5, 3, '51S-71085', 'COMPLETED', '7496bf4e-2c4d-4a60-817c-935e27901c6f', NULL);
INSERT INTO public.parking_session (amount_charged, auto_allocated, deposit_credit, from_reservation, check_in_at, check_out_at, id, slot_id, user_id, vehicle_type_id, license_plate, status, ticket_code, allocation_score) VALUES (20000.00, true, NULL, false, '2026-06-27 07:09:00+00', '2026-06-27 10:40:00+00', 304, 57, 11, 2, '51J-30281', 'COMPLETED', 'c36edd6d-bb30-4a43-989a-0d0a6401f71b', NULL);
INSERT INTO public.parking_session (amount_charged, auto_allocated, deposit_credit, from_reservation, check_in_at, check_out_at, id, slot_id, user_id, vehicle_type_id, license_plate, status, ticket_code, allocation_score) VALUES (10000.00, true, NULL, false, '2026-06-27 19:05:00+00', '2026-06-27 20:59:00+00', 305, 14, 11, 2, '51X-05903', 'COMPLETED', '714f7bf7-322a-4d20-8ebb-9eef9854bb13', NULL);
INSERT INTO public.parking_session (amount_charged, auto_allocated, deposit_credit, from_reservation, check_in_at, check_out_at, id, slot_id, user_id, vehicle_type_id, license_plate, status, ticket_code, allocation_score) VALUES (20000.00, true, NULL, false, '2026-06-27 17:21:00+00', '2026-06-27 18:53:00+00', 306, 38, 5, 1, '51J-88223', 'COMPLETED', '9e654a31-92ec-4275-89fe-c4254310067c', NULL);
INSERT INTO public.parking_session (amount_charged, auto_allocated, deposit_credit, from_reservation, check_in_at, check_out_at, id, slot_id, user_id, vehicle_type_id, license_plate, status, ticket_code, allocation_score) VALUES (50000.00, true, NULL, false, '2026-06-27 20:06:00+00', '2026-06-28 01:03:00+00', 307, 14, 4, 1, '51C-35605', 'COMPLETED', '7a060a5d-e27a-45f9-899f-d77282969d4f', NULL);
INSERT INTO public.parking_session (amount_charged, auto_allocated, deposit_credit, from_reservation, check_in_at, check_out_at, id, slot_id, user_id, vehicle_type_id, license_plate, status, ticket_code, allocation_score) VALUES (30000.00, false, NULL, false, '2026-06-27 18:42:00+00', '2026-06-28 00:06:00+00', 308, 12, 4, 2, '51O-10166', 'COMPLETED', '1de253f5-5842-4445-bee0-10249bab304e', NULL);
INSERT INTO public.parking_session (amount_charged, auto_allocated, deposit_credit, from_reservation, check_in_at, check_out_at, id, slot_id, user_id, vehicle_type_id, license_plate, status, ticket_code, allocation_score) VALUES (45000.00, true, NULL, false, '2026-06-27 08:16:00+00', '2026-06-27 11:13:00+00', 309, 28, 6, 3, '51O-88642', 'COMPLETED', '1f8921c6-64ea-4854-8d7d-22b9971ae0ce', NULL);
INSERT INTO public.parking_session (amount_charged, auto_allocated, deposit_credit, from_reservation, check_in_at, check_out_at, id, slot_id, user_id, vehicle_type_id, license_plate, status, ticket_code, allocation_score) VALUES (20000.00, false, NULL, false, '2026-06-27 17:54:00+00', '2026-06-27 19:29:00+00', 310, 3, 4, 1, '51S-89095', 'COMPLETED', '08f1718a-4d7f-4043-a946-5bf6d8792210', NULL);
INSERT INTO public.parking_session (amount_charged, auto_allocated, deposit_credit, from_reservation, check_in_at, check_out_at, id, slot_id, user_id, vehicle_type_id, license_plate, status, ticket_code, allocation_score) VALUES (30000.00, false, NULL, false, '2026-06-27 12:49:00+00', '2026-06-27 13:57:00+00', 311, 2, 9, 3, '51O-88201', 'COMPLETED', '36d2e514-f4fc-4515-81d7-8be711af994a', NULL);
INSERT INTO public.parking_session (amount_charged, auto_allocated, deposit_credit, from_reservation, check_in_at, check_out_at, id, slot_id, user_id, vehicle_type_id, license_plate, status, ticket_code, allocation_score) VALUES (60000.00, true, NULL, false, '2026-06-27 17:43:00+00', '2026-06-27 23:11:00+00', 312, 33, 5, 1, '51Y-42906', 'COMPLETED', 'e737c761-183b-416b-b4ab-f0d1b1ea3318', NULL);
INSERT INTO public.parking_session (amount_charged, auto_allocated, deposit_credit, from_reservation, check_in_at, check_out_at, id, slot_id, user_id, vehicle_type_id, license_plate, status, ticket_code, allocation_score) VALUES (10000.00, true, NULL, false, '2026-06-28 08:33:00+00', '2026-06-28 09:15:00+00', 313, 47, 11, 1, '51Y-10064', 'COMPLETED', 'c5bde7d0-43cd-4fcc-976a-ba1bdd5d1c3c', NULL);
INSERT INTO public.parking_session (amount_charged, auto_allocated, deposit_credit, from_reservation, check_in_at, check_out_at, id, slot_id, user_id, vehicle_type_id, license_plate, status, ticket_code, allocation_score) VALUES (60000.00, false, NULL, false, '2026-06-28 18:50:00+00', '2026-06-28 21:56:00+00', 314, 49, 7, 3, '51F-08695', 'COMPLETED', '4f62697f-6870-446d-ba3f-1fa86d1aac28', NULL);
INSERT INTO public.parking_session (amount_charged, auto_allocated, deposit_credit, from_reservation, check_in_at, check_out_at, id, slot_id, user_id, vehicle_type_id, license_plate, status, ticket_code, allocation_score) VALUES (50000.00, false, NULL, false, '2026-06-28 14:53:00+00', '2026-06-28 19:06:00+00', 315, 29, 9, 1, '51A-34365', 'COMPLETED', '6931414d-5fe3-4a7d-9cba-b3c750e032b9', NULL);
INSERT INTO public.parking_session (amount_charged, auto_allocated, deposit_credit, from_reservation, check_in_at, check_out_at, id, slot_id, user_id, vehicle_type_id, license_plate, status, ticket_code, allocation_score) VALUES (30000.00, true, NULL, false, '2026-06-28 09:02:00+00', '2026-06-28 10:28:00+00', 316, 70, 5, 3, '51G-36008', 'COMPLETED', 'f5cd0906-6004-423b-9883-416db43fd92e', NULL);
INSERT INTO public.parking_session (amount_charged, auto_allocated, deposit_credit, from_reservation, check_in_at, check_out_at, id, slot_id, user_id, vehicle_type_id, license_plate, status, ticket_code, allocation_score) VALUES (90000.00, true, NULL, false, '2026-06-28 18:13:00+00', '2026-06-28 23:19:00+00', 317, 28, 7, 3, '51Z-17798', 'COMPLETED', 'aca7fba2-07fd-4412-8e8c-162ec6cc275f', NULL);
INSERT INTO public.parking_session (amount_charged, auto_allocated, deposit_credit, from_reservation, check_in_at, check_out_at, id, slot_id, user_id, vehicle_type_id, license_plate, status, ticket_code, allocation_score) VALUES (90000.00, true, NULL, false, '2026-06-28 19:38:00+00', '2026-06-29 01:05:00+00', 318, 27, 5, 3, '51M-24865', 'COMPLETED', 'cfff4b1f-6c1a-4b49-ae18-f11dc8d2ef33', NULL);
INSERT INTO public.parking_session (amount_charged, auto_allocated, deposit_credit, from_reservation, check_in_at, check_out_at, id, slot_id, user_id, vehicle_type_id, license_plate, status, ticket_code, allocation_score) VALUES (45000.00, true, NULL, false, '2026-06-28 09:34:00+00', '2026-06-28 11:44:00+00', 319, 78, 11, 3, '51F-27727', 'COMPLETED', '2f2d625d-69b7-4fb8-a091-ab0df9bf4f52', NULL);
INSERT INTO public.parking_session (amount_charged, auto_allocated, deposit_credit, from_reservation, check_in_at, check_out_at, id, slot_id, user_id, vehicle_type_id, license_plate, status, ticket_code, allocation_score) VALUES (15000.00, true, NULL, false, '2026-06-28 08:10:00+00', '2026-06-28 10:55:00+00', 320, 31, 4, 2, '51M-41441', 'COMPLETED', 'ce9d7b9e-7034-4111-a8ed-1a29ce2eb406', NULL);
INSERT INTO public.parking_session (amount_charged, auto_allocated, deposit_credit, from_reservation, check_in_at, check_out_at, id, slot_id, user_id, vehicle_type_id, license_plate, status, ticket_code, allocation_score) VALUES (15000.00, true, NULL, false, '2026-06-28 20:20:00+00', '2026-06-28 22:42:00+00', 321, 41, 7, 2, '51K-02066', 'COMPLETED', 'e5e867b9-74a0-4ff4-8d80-a03656c82d31', NULL);
INSERT INTO public.parking_session (amount_charged, auto_allocated, deposit_credit, from_reservation, check_in_at, check_out_at, id, slot_id, user_id, vehicle_type_id, license_plate, status, ticket_code, allocation_score) VALUES (20000.00, true, NULL, false, '2026-06-28 19:58:00+00', '2026-06-28 23:48:00+00', 322, 25, 6, 2, '51S-17795', 'COMPLETED', '7413f1ee-0a17-410e-bd72-00e2dc5887d2', NULL);
INSERT INTO public.parking_session (amount_charged, auto_allocated, deposit_credit, from_reservation, check_in_at, check_out_at, id, slot_id, user_id, vehicle_type_id, license_plate, status, ticket_code, allocation_score) VALUES (45000.00, false, NULL, false, '2026-06-28 08:52:00+00', '2026-06-28 11:26:00+00', 323, 7, 8, 3, '51B-13172', 'COMPLETED', 'd6d110cd-43f3-45bf-b855-e87b73678558', NULL);
INSERT INTO public.parking_session (amount_charged, auto_allocated, deposit_credit, from_reservation, check_in_at, check_out_at, id, slot_id, user_id, vehicle_type_id, license_plate, status, ticket_code, allocation_score) VALUES (90000.00, true, NULL, false, '2026-06-29 08:14:00+00', '2026-06-29 13:18:00+00', 324, 44, 6, 3, '51S-89549', 'COMPLETED', 'f1d25712-1b43-4b27-867a-58b9bd341134', NULL);
INSERT INTO public.parking_session (amount_charged, auto_allocated, deposit_credit, from_reservation, check_in_at, check_out_at, id, slot_id, user_id, vehicle_type_id, license_plate, status, ticket_code, allocation_score) VALUES (30000.00, false, NULL, false, '2026-06-29 20:34:00+00', '2026-06-30 01:55:00+00', 325, 12, 7, 2, '51G-22527', 'COMPLETED', '0166decc-5f4d-42ae-8261-af6b8965ce80', NULL);
INSERT INTO public.parking_session (amount_charged, auto_allocated, deposit_credit, from_reservation, check_in_at, check_out_at, id, slot_id, user_id, vehicle_type_id, license_plate, status, ticket_code, allocation_score) VALUES (40000.00, true, NULL, false, '2026-06-29 08:27:00+00', '2026-06-29 11:34:00+00', 326, 59, 11, 1, '51N-87778', 'COMPLETED', '5dedd3a6-5adc-4087-b961-1ea458b28c1b', NULL);
INSERT INTO public.parking_session (amount_charged, auto_allocated, deposit_credit, from_reservation, check_in_at, check_out_at, id, slot_id, user_id, vehicle_type_id, license_plate, status, ticket_code, allocation_score) VALUES (15000.00, false, NULL, false, '2026-06-29 17:36:00+00', '2026-06-29 20:36:00+00', 327, 57, 5, 2, '51E-19656', 'COMPLETED', '404968ef-1f59-4939-a444-0ef46fa13efc', NULL);
INSERT INTO public.parking_session (amount_charged, auto_allocated, deposit_credit, from_reservation, check_in_at, check_out_at, id, slot_id, user_id, vehicle_type_id, license_plate, status, ticket_code, allocation_score) VALUES (45000.00, false, NULL, false, '2026-06-29 12:31:00+00', '2026-06-29 15:05:00+00', 328, 48, 8, 3, '51J-16897', 'COMPLETED', '718cbc7f-65dc-4b23-a48c-fff739e2870a', NULL);
INSERT INTO public.parking_session (amount_charged, auto_allocated, deposit_credit, from_reservation, check_in_at, check_out_at, id, slot_id, user_id, vehicle_type_id, license_plate, status, ticket_code, allocation_score) VALUES (15000.00, false, NULL, false, '2026-06-29 19:47:00+00', '2026-06-29 22:45:00+00', 329, 72, 6, 2, '51N-17285', 'COMPLETED', '51c77633-290b-43aa-abe1-2391cf6ecd2f', NULL);
INSERT INTO public.parking_session (amount_charged, auto_allocated, deposit_credit, from_reservation, check_in_at, check_out_at, id, slot_id, user_id, vehicle_type_id, license_plate, status, ticket_code, allocation_score) VALUES (15000.00, false, NULL, false, '2026-06-29 07:24:00+00', '2026-06-29 08:02:00+00', 330, 45, 5, 3, '51Y-24169', 'COMPLETED', '3096d8e9-5908-44ca-8bde-4fae8b574223', NULL);
INSERT INTO public.parking_session (amount_charged, auto_allocated, deposit_credit, from_reservation, check_in_at, check_out_at, id, slot_id, user_id, vehicle_type_id, license_plate, status, ticket_code, allocation_score) VALUES (15000.00, true, NULL, false, '2026-06-29 07:06:00+00', '2026-06-29 09:14:00+00', 331, 56, 5, 2, '51R-79520', 'COMPLETED', '066998b3-4988-4853-81f8-8e6e82064b42', NULL);
INSERT INTO public.parking_session (amount_charged, auto_allocated, deposit_credit, from_reservation, check_in_at, check_out_at, id, slot_id, user_id, vehicle_type_id, license_plate, status, ticket_code, allocation_score) VALUES (60000.00, true, NULL, false, '2026-06-29 12:51:00+00', '2026-06-29 16:28:00+00', 332, 62, 11, 3, '51R-24989', 'COMPLETED', '99bc77c6-c6da-427f-a294-7f711db4ee26', NULL);
INSERT INTO public.parking_session (amount_charged, auto_allocated, deposit_credit, from_reservation, check_in_at, check_out_at, id, slot_id, user_id, vehicle_type_id, license_plate, status, ticket_code, allocation_score) VALUES (10000.00, false, NULL, false, '2026-06-29 18:23:00+00', '2026-06-29 20:22:00+00', 333, 10, 4, 2, '51H-41247', 'COMPLETED', '09a830e2-8164-4b3b-aa84-ee3f12f7188d', NULL);
INSERT INTO public.parking_session (amount_charged, auto_allocated, deposit_credit, from_reservation, check_in_at, check_out_at, id, slot_id, user_id, vehicle_type_id, license_plate, status, ticket_code, allocation_score) VALUES (10000.00, true, NULL, false, '2026-06-29 19:18:00+00', '2026-06-29 20:40:00+00', 334, 33, 9, 2, '51X-62274', 'COMPLETED', '3d443ab0-20cd-4993-8168-200f99077b57', NULL);
INSERT INTO public.parking_session (amount_charged, auto_allocated, deposit_credit, from_reservation, check_in_at, check_out_at, id, slot_id, user_id, vehicle_type_id, license_plate, status, ticket_code, allocation_score) VALUES (25000.00, false, NULL, false, '2026-06-29 17:29:00+00', '2026-06-29 21:35:00+00', 335, 24, 7, 2, '51Y-49616', 'COMPLETED', '4375277a-447a-4fac-a0d0-46057fc30255', NULL);
INSERT INTO public.parking_session (amount_charged, auto_allocated, deposit_credit, from_reservation, check_in_at, check_out_at, id, slot_id, user_id, vehicle_type_id, license_plate, status, ticket_code, allocation_score) VALUES (50000.00, false, NULL, false, '2026-06-29 18:22:00+00', '2026-06-29 23:17:00+00', 336, 50, 5, 1, '51V-50388', 'COMPLETED', 'c96694ea-4841-4570-9034-ebb27b8f9144', NULL);
INSERT INTO public.parking_session (amount_charged, auto_allocated, deposit_credit, from_reservation, check_in_at, check_out_at, id, slot_id, user_id, vehicle_type_id, license_plate, status, ticket_code, allocation_score) VALUES (15000.00, true, NULL, false, '2026-06-27 10:57:33.493455+00', '2026-06-27 11:57:33.493455+00', 337, 26, 7, 3, '51C-84854', 'COMPLETED', 'd885c12c-3513-409d-8ed6-83b8d20f7d98', NULL);
INSERT INTO public.parking_session (amount_charged, auto_allocated, deposit_credit, from_reservation, check_in_at, check_out_at, id, slot_id, user_id, vehicle_type_id, license_plate, status, ticket_code, allocation_score) VALUES (15000.00, true, NULL, false, '2026-06-26 10:57:33.493795+00', '2026-06-26 11:57:33.493795+00', 338, 6, 4, 3, '51E-52613', 'COMPLETED', '03402c0d-472f-4db6-b047-078a085679a9', NULL);
INSERT INTO public.parking_session (amount_charged, auto_allocated, deposit_credit, from_reservation, check_in_at, check_out_at, id, slot_id, user_id, vehicle_type_id, license_plate, status, ticket_code, allocation_score) VALUES (15000.00, true, NULL, false, '2026-06-25 10:57:33.494114+00', '2026-06-25 11:57:33.494114+00', 339, 47, 4, 3, '51A-68733', 'COMPLETED', '37e98ec3-16c8-49a7-a50d-f638b42ec62c', NULL);
INSERT INTO public.parking_session (amount_charged, auto_allocated, deposit_credit, from_reservation, check_in_at, check_out_at, id, slot_id, user_id, vehicle_type_id, license_plate, status, ticket_code, allocation_score) VALUES (5000.00, true, NULL, false, '2026-06-24 10:57:33.494424+00', '2026-06-24 11:57:33.494424+00', 340, 80, 8, 2, '51P-64655', 'COMPLETED', 'b897b10f-5e77-4af8-b31c-15f9847d2a2c', NULL);
INSERT INTO public.parking_session (amount_charged, auto_allocated, deposit_credit, from_reservation, check_in_at, check_out_at, id, slot_id, user_id, vehicle_type_id, license_plate, status, ticket_code, allocation_score) VALUES (NULL, true, NULL, false, '2026-06-30 12:12:33.49823+00', NULL, 341, 1, 4, 1, '51F-00777', 'ACTIVE', '682cdf4a-300c-4418-a9b2-0c0556e458f0', '{"total": 88, "peakHour": 8, "loadBalance": 22, "distanceToEntry": 18, "vehicleTypeMatch": 40, "alternativesConsidered": 12}');
INSERT INTO public.parking_session (amount_charged, auto_allocated, deposit_credit, from_reservation, check_in_at, check_out_at, id, slot_id, user_id, vehicle_type_id, license_plate, status, ticket_code, allocation_score) VALUES (NULL, true, NULL, false, '2026-06-30 09:57:33.499199+00', NULL, 342, 2, 4, 3, '30K-99999', 'ACTIVE', '7d440968-bfe5-4c9a-9232-6b3c1e9f681e', '{"total": 72, "peakHour": 10, "loadBalance": 28, "distanceToEntry": 14, "vehicleTypeMatch": 20, "alternativesConsidered": 18}');
INSERT INTO public.parking_session (amount_charged, auto_allocated, deposit_credit, from_reservation, check_in_at, check_out_at, id, slot_id, user_id, vehicle_type_id, license_plate, status, ticket_code, allocation_score) VALUES (NULL, true, NULL, true, '2026-06-30 11:27:33.499403+00', NULL, 343, 3, 4, 1, '51A-888.88', 'ACTIVE', '5a63558a-7cfd-4372-b398-6ab511c35a54', '{"total": 88, "peakHour": 8, "loadBalance": 22, "distanceToEntry": 18, "vehicleTypeMatch": 40, "alternativesConsidered": 12}');
INSERT INTO public.parking_session (amount_charged, auto_allocated, deposit_credit, from_reservation, check_in_at, check_out_at, id, slot_id, user_id, vehicle_type_id, license_plate, status, ticket_code, allocation_score) VALUES (NULL, true, 5000.00, true, '2026-06-30 11:57:33.499593+00', NULL, 344, 4, 4, 1, '51A-777.77', 'ACTIVE', '16e6fcfc-aab1-47b5-8273-a38472cf2198', '{"total": 72, "peakHour": 10, "loadBalance": 28, "distanceToEntry": 14, "vehicleTypeMatch": 20, "alternativesConsidered": 18}');
INSERT INTO public.parking_session (amount_charged, auto_allocated, deposit_credit, from_reservation, check_in_at, check_out_at, id, slot_id, user_id, vehicle_type_id, license_plate, status, ticket_code, allocation_score) VALUES (10000.00, true, NULL, false, '2026-06-30 10:57:33.499783+00', '2026-06-30 12:52:33.499784+00', 345, 5, 4, 1, '51A-666.66', 'AWAITING_PAYMENT', '77b26595-fced-4048-b3db-c8ea6cd90c64', '{"total": 88, "peakHour": 8, "loadBalance": 22, "distanceToEntry": 18, "vehicleTypeMatch": 40, "alternativesConsidered": 12}');
INSERT INTO public.parking_session (amount_charged, auto_allocated, deposit_credit, from_reservation, check_in_at, check_out_at, id, slot_id, user_id, vehicle_type_id, license_plate, status, ticket_code, allocation_score) VALUES (9000.00, true, NULL, true, '2026-06-30 07:57:33.500103+00', '2026-06-30 09:57:33.500104+00', 346, 6, 4, 1, '51A-555.55', 'COMPLETED', '6126a51f-45ae-490a-82c2-007cf76ce122', NULL);
INSERT INTO public.parking_session (amount_charged, auto_allocated, deposit_credit, from_reservation, check_in_at, check_out_at, id, slot_id, user_id, vehicle_type_id, license_plate, status, ticket_code, allocation_score) VALUES (5000.00, true, 5000.00, true, '2026-06-30 06:57:33.500414+00', '2026-06-30 08:57:33.500415+00', 347, 7, 4, 1, '51A-444.44', 'COMPLETED', 'efa6b2a7-c0c5-4d19-b2c3-effcc89d217c', NULL);
INSERT INTO public.parking_session (amount_charged, auto_allocated, deposit_credit, from_reservation, check_in_at, check_out_at, id, slot_id, user_id, vehicle_type_id, license_plate, status, ticket_code, allocation_score) VALUES (NULL, false, NULL, false, '2026-06-30 12:27:33.50076+00', NULL, 348, 8, 4, 2, '59X-12345', 'ACTIVE', '5e8303a0-dde4-4caa-9638-382a520f927a', NULL);
INSERT INTO public.parking_session (amount_charged, auto_allocated, deposit_credit, from_reservation, check_in_at, check_out_at, id, slot_id, user_id, vehicle_type_id, license_plate, status, ticket_code, allocation_score) VALUES (NULL, false, NULL, false, '2026-06-30 11:57:33.500954+00', NULL, 349, 9, 4, 1, '51G-67890', 'ACTIVE', '6c923255-b0d7-4b2a-9e2f-43ad2b1d0658', NULL);
INSERT INTO public.parking_session (amount_charged, auto_allocated, deposit_credit, from_reservation, check_in_at, check_out_at, id, slot_id, user_id, vehicle_type_id, license_plate, status, ticket_code, allocation_score) VALUES (NULL, true, NULL, false, '2026-06-30 12:37:33.503691+00', NULL, 350, 5, 5, 1, '51F-123.45', 'ACTIVE', 'cef150d3-fefe-44bc-b926-325cea4cd391', '{"total": 88, "peakHour": 8, "loadBalance": 22, "distanceToEntry": 18, "vehicleTypeMatch": 40, "alternativesConsidered": 12}');
INSERT INTO public.parking_session (amount_charged, auto_allocated, deposit_credit, from_reservation, check_in_at, check_out_at, id, slot_id, user_id, vehicle_type_id, license_plate, status, ticket_code, allocation_score) VALUES (NULL, true, NULL, false, '2026-06-30 12:07:33.503894+00', NULL, 351, 6, 6, 2, '59C-678.90', 'ACTIVE', 'caa70f4a-1835-4d88-b059-253f7ce00180', '{"total": 72, "peakHour": 10, "loadBalance": 28, "distanceToEntry": 14, "vehicleTypeMatch": 20, "alternativesConsidered": 18}');
INSERT INTO public.parking_session (amount_charged, auto_allocated, deposit_credit, from_reservation, check_in_at, check_out_at, id, slot_id, user_id, vehicle_type_id, license_plate, status, ticket_code, allocation_score) VALUES (NULL, true, NULL, false, '2026-06-30 11:37:33.50409+00', NULL, 352, 7, 7, 3, '51G-111.22', 'ACTIVE', 'db875957-89d2-4df0-9279-a191122818d2', '{"total": 84, "peakHour": 6, "loadBalance": 18, "distanceToEntry": 20, "vehicleTypeMatch": 40, "alternativesConsidered": 15}');


--
-- Data for Name: parking_slot; Type: TABLE DATA; Schema: public; Owner: -
--

INSERT INTO public.parking_slot (created_at, floor_id, id, code, status) VALUES ('2026-06-30 12:57:33.280033+00', 1, 11, 'A-11', 'AVAILABLE');
INSERT INTO public.parking_slot (created_at, floor_id, id, code, status) VALUES ('2026-06-30 12:57:33.281121+00', 1, 12, 'A-12', 'AVAILABLE');
INSERT INTO public.parking_slot (created_at, floor_id, id, code, status) VALUES ('2026-06-30 12:57:33.285163+00', 2, 13, 'B-01', 'AVAILABLE');
INSERT INTO public.parking_slot (created_at, floor_id, id, code, status) VALUES ('2026-06-30 12:57:33.28613+00', 2, 14, 'B-02', 'AVAILABLE');
INSERT INTO public.parking_slot (created_at, floor_id, id, code, status) VALUES ('2026-06-30 12:57:33.287149+00', 2, 15, 'B-03', 'AVAILABLE');
INSERT INTO public.parking_slot (created_at, floor_id, id, code, status) VALUES ('2026-06-30 12:57:33.288044+00', 2, 16, 'B-04', 'AVAILABLE');
INSERT INTO public.parking_slot (created_at, floor_id, id, code, status) VALUES ('2026-06-30 12:57:33.289153+00', 2, 17, 'B-05', 'AVAILABLE');
INSERT INTO public.parking_slot (created_at, floor_id, id, code, status) VALUES ('2026-06-30 12:57:33.290005+00', 2, 18, 'B-06', 'AVAILABLE');
INSERT INTO public.parking_slot (created_at, floor_id, id, code, status) VALUES ('2026-06-30 12:57:33.290913+00', 2, 19, 'B-07', 'AVAILABLE');
INSERT INTO public.parking_slot (created_at, floor_id, id, code, status) VALUES ('2026-06-30 12:57:33.291816+00', 2, 20, 'B-08', 'AVAILABLE');
INSERT INTO public.parking_slot (created_at, floor_id, id, code, status) VALUES ('2026-06-30 12:57:33.292817+00', 2, 21, 'B-09', 'AVAILABLE');
INSERT INTO public.parking_slot (created_at, floor_id, id, code, status) VALUES ('2026-06-30 12:57:33.293739+00', 2, 22, 'B-10', 'AVAILABLE');
INSERT INTO public.parking_slot (created_at, floor_id, id, code, status) VALUES ('2026-06-30 12:57:33.29461+00', 2, 23, 'B-11', 'AVAILABLE');
INSERT INTO public.parking_slot (created_at, floor_id, id, code, status) VALUES ('2026-06-30 12:57:33.295476+00', 2, 24, 'B-12', 'AVAILABLE');
INSERT INTO public.parking_slot (created_at, floor_id, id, code, status) VALUES ('2026-06-30 12:57:33.296442+00', 2, 25, 'B-13', 'AVAILABLE');
INSERT INTO public.parking_slot (created_at, floor_id, id, code, status) VALUES ('2026-06-30 12:57:33.297354+00', 2, 26, 'B-14', 'AVAILABLE');
INSERT INTO public.parking_slot (created_at, floor_id, id, code, status) VALUES ('2026-06-30 12:57:33.298139+00', 2, 27, 'B-15', 'AVAILABLE');
INSERT INTO public.parking_slot (created_at, floor_id, id, code, status) VALUES ('2026-06-30 12:57:33.298946+00', 2, 28, 'B-16', 'AVAILABLE');
INSERT INTO public.parking_slot (created_at, floor_id, id, code, status) VALUES ('2026-06-30 12:57:33.30139+00', 3, 29, 'C-01', 'AVAILABLE');
INSERT INTO public.parking_slot (created_at, floor_id, id, code, status) VALUES ('2026-06-30 12:57:33.302351+00', 3, 30, 'C-02', 'AVAILABLE');
INSERT INTO public.parking_slot (created_at, floor_id, id, code, status) VALUES ('2026-06-30 12:57:33.30343+00', 3, 31, 'C-03', 'AVAILABLE');
INSERT INTO public.parking_slot (created_at, floor_id, id, code, status) VALUES ('2026-06-30 12:57:33.304367+00', 3, 32, 'C-04', 'AVAILABLE');
INSERT INTO public.parking_slot (created_at, floor_id, id, code, status) VALUES ('2026-06-30 12:57:33.305335+00', 3, 33, 'C-05', 'AVAILABLE');
INSERT INTO public.parking_slot (created_at, floor_id, id, code, status) VALUES ('2026-06-30 12:57:33.306866+00', 3, 34, 'C-06', 'AVAILABLE');
INSERT INTO public.parking_slot (created_at, floor_id, id, code, status) VALUES ('2026-06-30 12:57:33.308052+00', 3, 35, 'C-07', 'AVAILABLE');
INSERT INTO public.parking_slot (created_at, floor_id, id, code, status) VALUES ('2026-06-30 12:57:33.309075+00', 3, 36, 'C-08', 'AVAILABLE');
INSERT INTO public.parking_slot (created_at, floor_id, id, code, status) VALUES ('2026-06-30 12:57:33.311731+00', 4, 37, 'R-01', 'AVAILABLE');
INSERT INTO public.parking_slot (created_at, floor_id, id, code, status) VALUES ('2026-06-30 12:57:33.312781+00', 4, 38, 'R-02', 'AVAILABLE');
INSERT INTO public.parking_slot (created_at, floor_id, id, code, status) VALUES ('2026-06-30 12:57:33.313759+00', 4, 39, 'R-03', 'AVAILABLE');
INSERT INTO public.parking_slot (created_at, floor_id, id, code, status) VALUES ('2026-06-30 12:57:33.314745+00', 4, 40, 'R-04', 'AVAILABLE');
INSERT INTO public.parking_slot (created_at, floor_id, id, code, status) VALUES ('2026-06-30 12:57:33.315721+00', 4, 41, 'R-05', 'AVAILABLE');
INSERT INTO public.parking_slot (created_at, floor_id, id, code, status) VALUES ('2026-06-30 12:57:33.316773+00', 4, 42, 'R-06', 'AVAILABLE');
INSERT INTO public.parking_slot (created_at, floor_id, id, code, status) VALUES ('2026-06-30 12:57:33.317736+00', 4, 43, 'R-07', 'AVAILABLE');
INSERT INTO public.parking_slot (created_at, floor_id, id, code, status) VALUES ('2026-06-30 12:57:33.318634+00', 4, 44, 'R-08', 'AVAILABLE');
INSERT INTO public.parking_slot (created_at, floor_id, id, code, status) VALUES ('2026-06-30 12:57:33.319571+00', 4, 45, 'R-09', 'AVAILABLE');
INSERT INTO public.parking_slot (created_at, floor_id, id, code, status) VALUES ('2026-06-30 12:57:33.320456+00', 4, 46, 'R-10', 'AVAILABLE');
INSERT INTO public.parking_slot (created_at, floor_id, id, code, status) VALUES ('2026-06-30 12:57:33.323648+00', 5, 47, 'G-01', 'AVAILABLE');
INSERT INTO public.parking_slot (created_at, floor_id, id, code, status) VALUES ('2026-06-30 12:57:33.324461+00', 5, 48, 'G-02', 'AVAILABLE');
INSERT INTO public.parking_slot (created_at, floor_id, id, code, status) VALUES ('2026-06-30 12:57:33.325253+00', 5, 49, 'G-03', 'AVAILABLE');
INSERT INTO public.parking_slot (created_at, floor_id, id, code, status) VALUES ('2026-06-30 12:57:33.326022+00', 5, 50, 'G-04', 'AVAILABLE');
INSERT INTO public.parking_slot (created_at, floor_id, id, code, status) VALUES ('2026-06-30 12:57:33.3268+00', 5, 51, 'G-05', 'AVAILABLE');
INSERT INTO public.parking_slot (created_at, floor_id, id, code, status) VALUES ('2026-06-30 12:57:33.327552+00', 5, 52, 'G-06', 'AVAILABLE');
INSERT INTO public.parking_slot (created_at, floor_id, id, code, status) VALUES ('2026-06-30 12:57:33.328282+00', 5, 53, 'G-07', 'AVAILABLE');
INSERT INTO public.parking_slot (created_at, floor_id, id, code, status) VALUES ('2026-06-30 12:57:33.329038+00', 5, 54, 'G-08', 'AVAILABLE');
INSERT INTO public.parking_slot (created_at, floor_id, id, code, status) VALUES ('2026-06-30 12:57:33.329799+00', 5, 55, 'G-09', 'AVAILABLE');
INSERT INTO public.parking_slot (created_at, floor_id, id, code, status) VALUES ('2026-06-30 12:57:33.330553+00', 5, 56, 'G-10', 'AVAILABLE');
INSERT INTO public.parking_slot (created_at, floor_id, id, code, status) VALUES ('2026-06-30 12:57:33.331307+00', 5, 57, 'G-11', 'AVAILABLE');
INSERT INTO public.parking_slot (created_at, floor_id, id, code, status) VALUES ('2026-06-30 12:57:33.332072+00', 5, 58, 'G-12', 'AVAILABLE');
INSERT INTO public.parking_slot (created_at, floor_id, id, code, status) VALUES ('2026-06-30 12:57:33.332821+00', 5, 59, 'G-13', 'AVAILABLE');
INSERT INTO public.parking_slot (created_at, floor_id, id, code, status) VALUES ('2026-06-30 12:57:33.333568+00', 5, 60, 'G-14', 'AVAILABLE');
INSERT INTO public.parking_slot (created_at, floor_id, id, code, status) VALUES ('2026-06-30 12:57:33.334328+00', 5, 61, 'G-15', 'AVAILABLE');
INSERT INTO public.parking_slot (created_at, floor_id, id, code, status) VALUES ('2026-06-30 12:57:33.336478+00', 6, 62, 'D-01', 'AVAILABLE');
INSERT INTO public.parking_slot (created_at, floor_id, id, code, status) VALUES ('2026-06-30 12:57:33.337319+00', 6, 63, 'D-02', 'AVAILABLE');
INSERT INTO public.parking_slot (created_at, floor_id, id, code, status) VALUES ('2026-06-30 12:57:33.33813+00', 6, 64, 'D-03', 'AVAILABLE');
INSERT INTO public.parking_slot (created_at, floor_id, id, code, status) VALUES ('2026-06-30 12:57:33.338896+00', 6, 65, 'D-04', 'AVAILABLE');
INSERT INTO public.parking_slot (created_at, floor_id, id, code, status) VALUES ('2026-06-30 12:57:33.339712+00', 6, 66, 'D-05', 'AVAILABLE');
INSERT INTO public.parking_slot (created_at, floor_id, id, code, status) VALUES ('2026-06-30 12:57:33.340505+00', 6, 67, 'D-06', 'AVAILABLE');
INSERT INTO public.parking_slot (created_at, floor_id, id, code, status) VALUES ('2026-06-30 12:57:33.341321+00', 6, 68, 'D-07', 'AVAILABLE');
INSERT INTO public.parking_slot (created_at, floor_id, id, code, status) VALUES ('2026-06-30 12:57:33.342112+00', 6, 69, 'D-08', 'AVAILABLE');
INSERT INTO public.parking_slot (created_at, floor_id, id, code, status) VALUES ('2026-06-30 12:57:33.342866+00', 6, 70, 'D-09', 'AVAILABLE');
INSERT INTO public.parking_slot (created_at, floor_id, id, code, status) VALUES ('2026-06-30 12:57:33.343563+00', 6, 71, 'D-10', 'AVAILABLE');
INSERT INTO public.parking_slot (created_at, floor_id, id, code, status) VALUES ('2026-06-30 12:57:33.344234+00', 6, 72, 'D-11', 'AVAILABLE');
INSERT INTO public.parking_slot (created_at, floor_id, id, code, status) VALUES ('2026-06-30 12:57:33.344891+00', 6, 73, 'D-12', 'AVAILABLE');
INSERT INTO public.parking_slot (created_at, floor_id, id, code, status) VALUES ('2026-06-30 12:57:33.345561+00', 6, 74, 'D-13', 'AVAILABLE');
INSERT INTO public.parking_slot (created_at, floor_id, id, code, status) VALUES ('2026-06-30 12:57:33.34622+00', 6, 75, 'D-14', 'AVAILABLE');
INSERT INTO public.parking_slot (created_at, floor_id, id, code, status) VALUES ('2026-06-30 12:57:33.346863+00', 6, 76, 'D-15', 'AVAILABLE');
INSERT INTO public.parking_slot (created_at, floor_id, id, code, status) VALUES ('2026-06-30 12:57:33.347543+00', 6, 77, 'D-16', 'AVAILABLE');
INSERT INTO public.parking_slot (created_at, floor_id, id, code, status) VALUES ('2026-06-30 12:57:33.348249+00', 6, 78, 'D-17', 'AVAILABLE');
INSERT INTO public.parking_slot (created_at, floor_id, id, code, status) VALUES ('2026-06-30 12:57:33.348904+00', 6, 79, 'D-18', 'AVAILABLE');
INSERT INTO public.parking_slot (created_at, floor_id, id, code, status) VALUES ('2026-06-30 12:57:33.34959+00', 6, 80, 'D-19', 'AVAILABLE');
INSERT INTO public.parking_slot (created_at, floor_id, id, code, status) VALUES ('2026-06-30 12:57:33.350375+00', 6, 81, 'D-20', 'AVAILABLE');
INSERT INTO public.parking_slot (created_at, floor_id, id, code, status) VALUES ('2026-06-30 12:57:33.351266+00', 6, 82, 'D-21', 'AVAILABLE');
INSERT INTO public.parking_slot (created_at, floor_id, id, code, status) VALUES ('2026-06-30 12:57:33.351987+00', 6, 83, 'D-22', 'AVAILABLE');
INSERT INTO public.parking_slot (created_at, floor_id, id, code, status) VALUES ('2026-06-30 12:57:33.352639+00', 6, 84, 'D-23', 'AVAILABLE');
INSERT INTO public.parking_slot (created_at, floor_id, id, code, status) VALUES ('2026-06-30 12:57:33.353365+00', 6, 85, 'D-24', 'LOCKED');
INSERT INTO public.parking_slot (created_at, floor_id, id, code, status) VALUES ('2026-06-30 12:57:33.354136+00', 6, 86, 'D-25', 'MAINTENANCE');
INSERT INTO public.parking_slot (created_at, floor_id, id, code, status) VALUES ('2026-06-30 12:57:33.2693+00', 1, 1, 'A-01', 'OCCUPIED');
INSERT INTO public.parking_slot (created_at, floor_id, id, code, status) VALUES ('2026-06-30 12:57:33.27065+00', 1, 2, 'A-02', 'OCCUPIED');
INSERT INTO public.parking_slot (created_at, floor_id, id, code, status) VALUES ('2026-06-30 12:57:33.271973+00', 1, 3, 'A-03', 'OCCUPIED');
INSERT INTO public.parking_slot (created_at, floor_id, id, code, status) VALUES ('2026-06-30 12:57:33.273169+00', 1, 4, 'A-04', 'OCCUPIED');
INSERT INTO public.parking_slot (created_at, floor_id, id, code, status) VALUES ('2026-06-30 12:57:33.277295+00', 1, 8, 'A-08', 'OCCUPIED');
INSERT INTO public.parking_slot (created_at, floor_id, id, code, status) VALUES ('2026-06-30 12:57:33.27839+00', 1, 9, 'A-09', 'OCCUPIED');
INSERT INTO public.parking_slot (created_at, floor_id, id, code, status) VALUES ('2026-06-30 12:57:33.274286+00', 1, 5, 'A-05', 'OCCUPIED');
INSERT INTO public.parking_slot (created_at, floor_id, id, code, status) VALUES ('2026-06-30 12:57:33.275266+00', 1, 6, 'A-06', 'OCCUPIED');
INSERT INTO public.parking_slot (created_at, floor_id, id, code, status) VALUES ('2026-06-30 12:57:33.27634+00', 1, 7, 'A-07', 'OCCUPIED');
INSERT INTO public.parking_slot (created_at, floor_id, id, code, status) VALUES ('2026-06-30 12:57:33.279215+00', 1, 10, 'A-10', 'RESERVED');


--
-- Data for Name: password_reset_token; Type: TABLE DATA; Schema: public; Owner: -
--



--
-- Data for Name: payment; Type: TABLE DATA; Schema: public; Owner: -
--

INSERT INTO public.payment (amount, penalty_amount, created_at, id, paid_at, processed_by_staff_id, session_id, voided_at, description, gateway_ref, gateway_response_code, gateway_txn_no, method, status, void_reason) VALUES (10000.00, 0.00, '2026-05-31 19:25:00+00', 1, '2026-05-31 19:25:00+00', NULL, 1, NULL, NULL, NULL, NULL, NULL, 'VNPAY', 'PAID', NULL);
INSERT INTO public.payment (amount, penalty_amount, created_at, id, paid_at, processed_by_staff_id, session_id, voided_at, description, gateway_ref, gateway_response_code, gateway_txn_no, method, status, void_reason) VALUES (30000.00, 0.00, '2026-05-31 08:58:00+00', 2, '2026-05-31 08:58:00+00', NULL, 2, NULL, NULL, NULL, NULL, NULL, 'VNPAY', 'PAID', NULL);
INSERT INTO public.payment (amount, penalty_amount, created_at, id, paid_at, processed_by_staff_id, session_id, voided_at, description, gateway_ref, gateway_response_code, gateway_txn_no, method, status, void_reason) VALUES (15000.00, 0.00, '2026-05-31 21:14:00+00', 3, '2026-05-31 21:14:00+00', NULL, 3, NULL, NULL, NULL, NULL, NULL, 'ONLINE', 'PAID', NULL);
INSERT INTO public.payment (amount, penalty_amount, created_at, id, paid_at, processed_by_staff_id, session_id, voided_at, description, gateway_ref, gateway_response_code, gateway_txn_no, method, status, void_reason) VALUES (50000.00, 0.00, '2026-05-31 16:34:00+00', 4, '2026-05-31 16:34:00+00', NULL, 4, NULL, NULL, NULL, NULL, NULL, 'VNPAY', 'PAID', NULL);
INSERT INTO public.payment (amount, penalty_amount, created_at, id, paid_at, processed_by_staff_id, session_id, voided_at, description, gateway_ref, gateway_response_code, gateway_txn_no, method, status, void_reason) VALUES (25000.00, 0.00, '2026-05-31 12:59:00+00', 5, '2026-05-31 12:59:00+00', NULL, 5, NULL, NULL, NULL, NULL, NULL, 'ONLINE', 'PAID', NULL);
INSERT INTO public.payment (amount, penalty_amount, created_at, id, paid_at, processed_by_staff_id, session_id, voided_at, description, gateway_ref, gateway_response_code, gateway_txn_no, method, status, void_reason) VALUES (15000.00, 0.00, '2026-05-31 10:00:00+00', 6, '2026-05-31 10:00:00+00', NULL, 6, NULL, NULL, NULL, NULL, NULL, 'ONLINE', 'PAID', NULL);
INSERT INTO public.payment (amount, penalty_amount, created_at, id, paid_at, processed_by_staff_id, session_id, voided_at, description, gateway_ref, gateway_response_code, gateway_txn_no, method, status, void_reason) VALUES (45000.00, 0.00, '2026-06-01 10:22:00+00', 7, '2026-06-01 10:22:00+00', NULL, 7, NULL, NULL, NULL, NULL, NULL, 'VNPAY', 'PAID', NULL);
INSERT INTO public.payment (amount, penalty_amount, created_at, id, paid_at, processed_by_staff_id, session_id, voided_at, description, gateway_ref, gateway_response_code, gateway_txn_no, method, status, void_reason) VALUES (10000.00, 0.00, '2026-06-01 10:49:00+00', 8, '2026-06-01 10:49:00+00', NULL, 8, NULL, NULL, NULL, NULL, NULL, 'ONLINE', 'PAID', NULL);
INSERT INTO public.payment (amount, penalty_amount, created_at, id, paid_at, processed_by_staff_id, session_id, voided_at, description, gateway_ref, gateway_response_code, gateway_txn_no, method, status, void_reason) VALUES (15000.00, 0.00, '2026-06-01 18:12:00+00', 9, '2026-06-01 18:12:00+00', NULL, 9, NULL, NULL, NULL, NULL, NULL, 'CASH', 'PAID', NULL);
INSERT INTO public.payment (amount, penalty_amount, created_at, id, paid_at, processed_by_staff_id, session_id, voided_at, description, gateway_ref, gateway_response_code, gateway_txn_no, method, status, void_reason) VALUES (30000.00, 0.00, '2026-06-01 22:42:00+00', 10, '2026-06-01 22:42:00+00', NULL, 10, NULL, NULL, NULL, NULL, NULL, 'ONLINE', 'PAID', NULL);
INSERT INTO public.payment (amount, penalty_amount, created_at, id, paid_at, processed_by_staff_id, session_id, voided_at, description, gateway_ref, gateway_response_code, gateway_txn_no, method, status, void_reason) VALUES (10000.00, 0.00, '2026-06-01 21:10:00+00', 11, '2026-06-01 21:10:00+00', NULL, 11, NULL, NULL, NULL, NULL, NULL, 'ONLINE', 'PAID', NULL);
INSERT INTO public.payment (amount, penalty_amount, created_at, id, paid_at, processed_by_staff_id, session_id, voided_at, description, gateway_ref, gateway_response_code, gateway_txn_no, method, status, void_reason) VALUES (30000.00, 0.00, '2026-06-01 11:46:00+00', 12, '2026-06-01 11:46:00+00', NULL, 12, NULL, NULL, NULL, NULL, NULL, 'CASH', 'PAID', NULL);
INSERT INTO public.payment (amount, penalty_amount, created_at, id, paid_at, processed_by_staff_id, session_id, voided_at, description, gateway_ref, gateway_response_code, gateway_txn_no, method, status, void_reason) VALUES (15000.00, 0.00, '2026-06-01 19:04:00+00', 13, '2026-06-01 19:04:00+00', NULL, 13, NULL, NULL, NULL, NULL, NULL, 'VNPAY', 'PAID', NULL);
INSERT INTO public.payment (amount, penalty_amount, created_at, id, paid_at, processed_by_staff_id, session_id, voided_at, description, gateway_ref, gateway_response_code, gateway_txn_no, method, status, void_reason) VALUES (25000.00, 0.00, '2026-06-01 11:23:00+00', 14, '2026-06-01 11:23:00+00', NULL, 14, NULL, NULL, NULL, NULL, NULL, 'VNPAY', 'PAID', NULL);
INSERT INTO public.payment (amount, penalty_amount, created_at, id, paid_at, processed_by_staff_id, session_id, voided_at, description, gateway_ref, gateway_response_code, gateway_txn_no, method, status, void_reason) VALUES (10000.00, 0.00, '2026-06-01 20:11:00+00', 15, '2026-06-01 20:11:00+00', NULL, 15, NULL, NULL, NULL, NULL, NULL, 'VNPAY', 'PAID', NULL);
INSERT INTO public.payment (amount, penalty_amount, created_at, id, paid_at, processed_by_staff_id, session_id, voided_at, description, gateway_ref, gateway_response_code, gateway_txn_no, method, status, void_reason) VALUES (60000.00, 0.00, '2026-06-01 12:09:00+00', 16, '2026-06-01 12:09:00+00', NULL, 16, NULL, NULL, NULL, NULL, NULL, 'CASH', 'PAID', NULL);
INSERT INTO public.payment (amount, penalty_amount, created_at, id, paid_at, processed_by_staff_id, session_id, voided_at, description, gateway_ref, gateway_response_code, gateway_txn_no, method, status, void_reason) VALUES (75000.00, 0.00, '2026-06-01 12:50:00+00', 17, '2026-06-01 12:50:00+00', NULL, 17, NULL, NULL, NULL, NULL, NULL, 'VNPAY', 'PAID', NULL);
INSERT INTO public.payment (amount, penalty_amount, created_at, id, paid_at, processed_by_staff_id, session_id, voided_at, description, gateway_ref, gateway_response_code, gateway_txn_no, method, status, void_reason) VALUES (10000.00, 0.00, '2026-06-01 20:03:00+00', 18, '2026-06-01 20:03:00+00', NULL, 18, NULL, NULL, NULL, NULL, NULL, 'ONLINE', 'PAID', NULL);
INSERT INTO public.payment (amount, penalty_amount, created_at, id, paid_at, processed_by_staff_id, session_id, voided_at, description, gateway_ref, gateway_response_code, gateway_txn_no, method, status, void_reason) VALUES (30000.00, 0.00, '2026-06-01 15:11:00+00', 19, '2026-06-01 15:11:00+00', NULL, 19, NULL, NULL, NULL, NULL, NULL, 'CASH', 'PAID', NULL);
INSERT INTO public.payment (amount, penalty_amount, created_at, id, paid_at, processed_by_staff_id, session_id, voided_at, description, gateway_ref, gateway_response_code, gateway_txn_no, method, status, void_reason) VALUES (30000.00, 0.00, '2026-06-01 16:58:00+00', 20, '2026-06-01 16:58:00+00', NULL, 20, NULL, NULL, NULL, NULL, NULL, 'VNPAY', 'PAID', NULL);
INSERT INTO public.payment (amount, penalty_amount, created_at, id, paid_at, processed_by_staff_id, session_id, voided_at, description, gateway_ref, gateway_response_code, gateway_txn_no, method, status, void_reason) VALUES (50000.00, 0.00, '2026-06-01 16:49:00+00', 21, '2026-06-01 16:49:00+00', NULL, 21, NULL, NULL, NULL, NULL, NULL, 'ONLINE', 'PAID', NULL);
INSERT INTO public.payment (amount, penalty_amount, created_at, id, paid_at, processed_by_staff_id, session_id, voided_at, description, gateway_ref, gateway_response_code, gateway_txn_no, method, status, void_reason) VALUES (15000.00, 0.00, '2026-06-02 11:40:00+00', 22, '2026-06-02 11:40:00+00', NULL, 22, NULL, NULL, NULL, NULL, NULL, 'ONLINE', 'PAID', NULL);
INSERT INTO public.payment (amount, penalty_amount, created_at, id, paid_at, processed_by_staff_id, session_id, voided_at, description, gateway_ref, gateway_response_code, gateway_txn_no, method, status, void_reason) VALUES (60000.00, 0.00, '2026-06-02 15:59:00+00', 23, '2026-06-02 15:59:00+00', NULL, 23, NULL, NULL, NULL, NULL, NULL, 'ONLINE', 'PAID', NULL);
INSERT INTO public.payment (amount, penalty_amount, created_at, id, paid_at, processed_by_staff_id, session_id, voided_at, description, gateway_ref, gateway_response_code, gateway_txn_no, method, status, void_reason) VALUES (40000.00, 0.00, '2026-06-02 13:07:00+00', 24, '2026-06-02 13:07:00+00', NULL, 24, NULL, NULL, NULL, NULL, NULL, 'VNPAY', 'PAID', NULL);
INSERT INTO public.payment (amount, penalty_amount, created_at, id, paid_at, processed_by_staff_id, session_id, voided_at, description, gateway_ref, gateway_response_code, gateway_txn_no, method, status, void_reason) VALUES (20000.00, 0.00, '2026-06-02 21:42:00+00', 25, '2026-06-02 21:42:00+00', NULL, 25, NULL, NULL, NULL, NULL, NULL, 'VNPAY', 'PAID', NULL);
INSERT INTO public.payment (amount, penalty_amount, created_at, id, paid_at, processed_by_staff_id, session_id, voided_at, description, gateway_ref, gateway_response_code, gateway_txn_no, method, status, void_reason) VALUES (40000.00, 0.00, '2026-06-02 13:08:00+00', 26, '2026-06-02 13:08:00+00', NULL, 26, NULL, NULL, NULL, NULL, NULL, 'CASH', 'PAID', NULL);
INSERT INTO public.payment (amount, penalty_amount, created_at, id, paid_at, processed_by_staff_id, session_id, voided_at, description, gateway_ref, gateway_response_code, gateway_txn_no, method, status, void_reason) VALUES (15000.00, 0.00, '2026-06-02 19:22:00+00', 27, '2026-06-02 19:22:00+00', NULL, 27, NULL, NULL, NULL, NULL, NULL, 'CASH', 'PAID', NULL);
INSERT INTO public.payment (amount, penalty_amount, created_at, id, paid_at, processed_by_staff_id, session_id, voided_at, description, gateway_ref, gateway_response_code, gateway_txn_no, method, status, void_reason) VALUES (15000.00, 0.00, '2026-06-02 11:22:00+00', 28, '2026-06-02 11:22:00+00', NULL, 28, NULL, NULL, NULL, NULL, NULL, 'CASH', 'PAID', NULL);
INSERT INTO public.payment (amount, penalty_amount, created_at, id, paid_at, processed_by_staff_id, session_id, voided_at, description, gateway_ref, gateway_response_code, gateway_txn_no, method, status, void_reason) VALUES (40000.00, 0.00, '2026-06-02 17:57:00+00', 29, '2026-06-02 17:57:00+00', NULL, 29, NULL, NULL, NULL, NULL, NULL, 'ONLINE', 'PAID', NULL);
INSERT INTO public.payment (amount, penalty_amount, created_at, id, paid_at, processed_by_staff_id, session_id, voided_at, description, gateway_ref, gateway_response_code, gateway_txn_no, method, status, void_reason) VALUES (60000.00, 0.00, '2026-06-02 15:28:00+00', 30, '2026-06-02 15:28:00+00', NULL, 30, NULL, NULL, NULL, NULL, NULL, 'CASH', 'PAID', NULL);
INSERT INTO public.payment (amount, penalty_amount, created_at, id, paid_at, processed_by_staff_id, session_id, voided_at, description, gateway_ref, gateway_response_code, gateway_txn_no, method, status, void_reason) VALUES (30000.00, 0.00, '2026-06-02 20:56:00+00', 31, '2026-06-02 20:56:00+00', NULL, 31, NULL, NULL, NULL, NULL, NULL, 'ONLINE', 'PAID', NULL);
INSERT INTO public.payment (amount, penalty_amount, created_at, id, paid_at, processed_by_staff_id, session_id, voided_at, description, gateway_ref, gateway_response_code, gateway_txn_no, method, status, void_reason) VALUES (15000.00, 0.00, '2026-06-02 09:38:00+00', 32, '2026-06-02 09:38:00+00', NULL, 32, NULL, NULL, NULL, NULL, NULL, 'CASH', 'PAID', NULL);
INSERT INTO public.payment (amount, penalty_amount, created_at, id, paid_at, processed_by_staff_id, session_id, voided_at, description, gateway_ref, gateway_response_code, gateway_txn_no, method, status, void_reason) VALUES (30000.00, 0.00, '2026-06-02 19:40:00+00', 33, '2026-06-02 19:40:00+00', NULL, 33, NULL, NULL, NULL, NULL, NULL, 'VNPAY', 'PAID', NULL);
INSERT INTO public.payment (amount, penalty_amount, created_at, id, paid_at, processed_by_staff_id, session_id, voided_at, description, gateway_ref, gateway_response_code, gateway_txn_no, method, status, void_reason) VALUES (25000.00, 0.00, '2026-06-02 23:20:00+00', 34, '2026-06-02 23:20:00+00', NULL, 34, NULL, NULL, NULL, NULL, NULL, 'CASH', 'PAID', NULL);
INSERT INTO public.payment (amount, penalty_amount, created_at, id, paid_at, processed_by_staff_id, session_id, voided_at, description, gateway_ref, gateway_response_code, gateway_txn_no, method, status, void_reason) VALUES (50000.00, 0.00, '2026-06-02 22:25:00+00', 35, '2026-06-02 22:25:00+00', NULL, 35, NULL, NULL, NULL, NULL, NULL, 'CASH', 'PAID', NULL);
INSERT INTO public.payment (amount, penalty_amount, created_at, id, paid_at, processed_by_staff_id, session_id, voided_at, description, gateway_ref, gateway_response_code, gateway_txn_no, method, status, void_reason) VALUES (10000.00, 0.00, '2026-06-03 20:09:00+00', 36, '2026-06-03 20:09:00+00', NULL, 36, NULL, NULL, NULL, NULL, NULL, 'ONLINE', 'PAID', NULL);
INSERT INTO public.payment (amount, penalty_amount, created_at, id, paid_at, processed_by_staff_id, session_id, voided_at, description, gateway_ref, gateway_response_code, gateway_txn_no, method, status, void_reason) VALUES (30000.00, 0.00, '2026-06-03 17:32:00+00', 37, '2026-06-03 17:32:00+00', NULL, 37, NULL, NULL, NULL, NULL, NULL, 'CASH', 'PAID', NULL);
INSERT INTO public.payment (amount, penalty_amount, created_at, id, paid_at, processed_by_staff_id, session_id, voided_at, description, gateway_ref, gateway_response_code, gateway_txn_no, method, status, void_reason) VALUES (30000.00, 0.00, '2026-06-03 09:49:00+00', 38, '2026-06-03 09:49:00+00', NULL, 38, NULL, NULL, NULL, NULL, NULL, 'ONLINE', 'PAID', NULL);
INSERT INTO public.payment (amount, penalty_amount, created_at, id, paid_at, processed_by_staff_id, session_id, voided_at, description, gateway_ref, gateway_response_code, gateway_txn_no, method, status, void_reason) VALUES (50000.00, 0.00, '2026-06-03 22:30:00+00', 39, '2026-06-03 22:30:00+00', NULL, 39, NULL, NULL, NULL, NULL, NULL, 'VNPAY', 'PAID', NULL);
INSERT INTO public.payment (amount, penalty_amount, created_at, id, paid_at, processed_by_staff_id, session_id, voided_at, description, gateway_ref, gateway_response_code, gateway_txn_no, method, status, void_reason) VALUES (20000.00, 0.00, '2026-06-03 22:08:00+00', 40, '2026-06-03 22:08:00+00', NULL, 40, NULL, NULL, NULL, NULL, NULL, 'VNPAY', 'PAID', NULL);
INSERT INTO public.payment (amount, penalty_amount, created_at, id, paid_at, processed_by_staff_id, session_id, voided_at, description, gateway_ref, gateway_response_code, gateway_txn_no, method, status, void_reason) VALUES (20000.00, 0.00, '2026-06-03 13:41:00+00', 41, '2026-06-03 13:41:00+00', NULL, 41, NULL, NULL, NULL, NULL, NULL, 'CASH', 'PAID', NULL);
INSERT INTO public.payment (amount, penalty_amount, created_at, id, paid_at, processed_by_staff_id, session_id, voided_at, description, gateway_ref, gateway_response_code, gateway_txn_no, method, status, void_reason) VALUES (5000.00, 0.00, '2026-06-03 08:30:00+00', 42, '2026-06-03 08:30:00+00', NULL, 42, NULL, NULL, NULL, NULL, NULL, 'CASH', 'PAID', NULL);
INSERT INTO public.payment (amount, penalty_amount, created_at, id, paid_at, processed_by_staff_id, session_id, voided_at, description, gateway_ref, gateway_response_code, gateway_txn_no, method, status, void_reason) VALUES (75000.00, 0.00, '2026-06-04 01:12:00+00', 43, '2026-06-04 01:12:00+00', NULL, 43, NULL, NULL, NULL, NULL, NULL, 'ONLINE', 'PAID', NULL);
INSERT INTO public.payment (amount, penalty_amount, created_at, id, paid_at, processed_by_staff_id, session_id, voided_at, description, gateway_ref, gateway_response_code, gateway_txn_no, method, status, void_reason) VALUES (15000.00, 0.00, '2026-06-03 22:55:00+00', 44, '2026-06-03 22:55:00+00', NULL, 44, NULL, NULL, NULL, NULL, NULL, 'VNPAY', 'PAID', NULL);
INSERT INTO public.payment (amount, penalty_amount, created_at, id, paid_at, processed_by_staff_id, session_id, voided_at, description, gateway_ref, gateway_response_code, gateway_txn_no, method, status, void_reason) VALUES (10000.00, 0.00, '2026-06-03 18:52:00+00', 45, '2026-06-03 18:52:00+00', NULL, 45, NULL, NULL, NULL, NULL, NULL, 'VNPAY', 'PAID', NULL);
INSERT INTO public.payment (amount, penalty_amount, created_at, id, paid_at, processed_by_staff_id, session_id, voided_at, description, gateway_ref, gateway_response_code, gateway_txn_no, method, status, void_reason) VALUES (75000.00, 0.00, '2026-06-03 13:29:00+00', 46, '2026-06-03 13:29:00+00', NULL, 46, NULL, NULL, NULL, NULL, NULL, 'CASH', 'PAID', NULL);
INSERT INTO public.payment (amount, penalty_amount, created_at, id, paid_at, processed_by_staff_id, session_id, voided_at, description, gateway_ref, gateway_response_code, gateway_txn_no, method, status, void_reason) VALUES (30000.00, 0.00, '2026-06-03 11:23:00+00', 47, '2026-06-03 11:23:00+00', NULL, 47, NULL, NULL, NULL, NULL, NULL, 'CASH', 'PAID', NULL);
INSERT INTO public.payment (amount, penalty_amount, created_at, id, paid_at, processed_by_staff_id, session_id, voided_at, description, gateway_ref, gateway_response_code, gateway_txn_no, method, status, void_reason) VALUES (50000.00, 0.00, '2026-06-04 23:01:00+00', 48, '2026-06-04 23:01:00+00', NULL, 48, NULL, NULL, NULL, NULL, NULL, 'CASH', 'PAID', NULL);
INSERT INTO public.payment (amount, penalty_amount, created_at, id, paid_at, processed_by_staff_id, session_id, voided_at, description, gateway_ref, gateway_response_code, gateway_txn_no, method, status, void_reason) VALUES (10000.00, 0.00, '2026-06-04 15:07:00+00', 49, '2026-06-04 15:07:00+00', NULL, 49, NULL, NULL, NULL, NULL, NULL, 'ONLINE', 'PAID', NULL);
INSERT INTO public.payment (amount, penalty_amount, created_at, id, paid_at, processed_by_staff_id, session_id, voided_at, description, gateway_ref, gateway_response_code, gateway_txn_no, method, status, void_reason) VALUES (5000.00, 0.00, '2026-06-04 07:49:00+00', 50, '2026-06-04 07:49:00+00', NULL, 50, NULL, NULL, NULL, NULL, NULL, 'VNPAY', 'PAID', NULL);
INSERT INTO public.payment (amount, penalty_amount, created_at, id, paid_at, processed_by_staff_id, session_id, voided_at, description, gateway_ref, gateway_response_code, gateway_txn_no, method, status, void_reason) VALUES (60000.00, 0.00, '2026-06-04 14:48:00+00', 51, '2026-06-04 14:48:00+00', NULL, 51, NULL, NULL, NULL, NULL, NULL, 'ONLINE', 'PAID', NULL);
INSERT INTO public.payment (amount, penalty_amount, created_at, id, paid_at, processed_by_staff_id, session_id, voided_at, description, gateway_ref, gateway_response_code, gateway_txn_no, method, status, void_reason) VALUES (60000.00, 0.00, '2026-06-04 21:13:00+00', 52, '2026-06-04 21:13:00+00', NULL, 52, NULL, NULL, NULL, NULL, NULL, 'CASH', 'PAID', NULL);
INSERT INTO public.payment (amount, penalty_amount, created_at, id, paid_at, processed_by_staff_id, session_id, voided_at, description, gateway_ref, gateway_response_code, gateway_txn_no, method, status, void_reason) VALUES (30000.00, 0.00, '2026-06-04 15:30:00+00', 53, '2026-06-04 15:30:00+00', NULL, 53, NULL, NULL, NULL, NULL, NULL, 'ONLINE', 'PAID', NULL);
INSERT INTO public.payment (amount, penalty_amount, created_at, id, paid_at, processed_by_staff_id, session_id, voided_at, description, gateway_ref, gateway_response_code, gateway_txn_no, method, status, void_reason) VALUES (45000.00, 0.00, '2026-06-04 11:34:00+00', 54, '2026-06-04 11:34:00+00', NULL, 54, NULL, NULL, NULL, NULL, NULL, 'VNPAY', 'PAID', NULL);
INSERT INTO public.payment (amount, penalty_amount, created_at, id, paid_at, processed_by_staff_id, session_id, voided_at, description, gateway_ref, gateway_response_code, gateway_txn_no, method, status, void_reason) VALUES (50000.00, 0.00, '2026-06-04 21:23:00+00', 55, '2026-06-04 21:23:00+00', NULL, 55, NULL, NULL, NULL, NULL, NULL, 'VNPAY', 'PAID', NULL);
INSERT INTO public.payment (amount, penalty_amount, created_at, id, paid_at, processed_by_staff_id, session_id, voided_at, description, gateway_ref, gateway_response_code, gateway_txn_no, method, status, void_reason) VALUES (30000.00, 0.00, '2026-06-04 19:08:00+00', 56, '2026-06-04 19:08:00+00', NULL, 56, NULL, NULL, NULL, NULL, NULL, 'ONLINE', 'PAID', NULL);
INSERT INTO public.payment (amount, penalty_amount, created_at, id, paid_at, processed_by_staff_id, session_id, voided_at, description, gateway_ref, gateway_response_code, gateway_txn_no, method, status, void_reason) VALUES (75000.00, 0.00, '2026-06-04 22:59:00+00', 57, '2026-06-04 22:59:00+00', NULL, 57, NULL, NULL, NULL, NULL, NULL, 'VNPAY', 'PAID', NULL);
INSERT INTO public.payment (amount, penalty_amount, created_at, id, paid_at, processed_by_staff_id, session_id, voided_at, description, gateway_ref, gateway_response_code, gateway_txn_no, method, status, void_reason) VALUES (20000.00, 0.00, '2026-06-04 17:27:00+00', 58, '2026-06-04 17:27:00+00', NULL, 58, NULL, NULL, NULL, NULL, NULL, 'VNPAY', 'PAID', NULL);
INSERT INTO public.payment (amount, penalty_amount, created_at, id, paid_at, processed_by_staff_id, session_id, voided_at, description, gateway_ref, gateway_response_code, gateway_txn_no, method, status, void_reason) VALUES (90000.00, 0.00, '2026-06-04 22:59:00+00', 59, '2026-06-04 22:59:00+00', NULL, 59, NULL, NULL, NULL, NULL, NULL, 'CASH', 'PAID', NULL);
INSERT INTO public.payment (amount, penalty_amount, created_at, id, paid_at, processed_by_staff_id, session_id, voided_at, description, gateway_ref, gateway_response_code, gateway_txn_no, method, status, void_reason) VALUES (30000.00, 0.00, '2026-06-05 09:25:00+00', 60, '2026-06-05 09:25:00+00', NULL, 60, NULL, NULL, NULL, NULL, NULL, 'VNPAY', 'PAID', NULL);
INSERT INTO public.payment (amount, penalty_amount, created_at, id, paid_at, processed_by_staff_id, session_id, voided_at, description, gateway_ref, gateway_response_code, gateway_txn_no, method, status, void_reason) VALUES (40000.00, 0.00, '2026-06-05 12:38:00+00', 61, '2026-06-05 12:38:00+00', NULL, 61, NULL, NULL, NULL, NULL, NULL, 'CASH', 'PAID', NULL);
INSERT INTO public.payment (amount, penalty_amount, created_at, id, paid_at, processed_by_staff_id, session_id, voided_at, description, gateway_ref, gateway_response_code, gateway_txn_no, method, status, void_reason) VALUES (40000.00, 0.00, '2026-06-05 12:24:00+00', 62, '2026-06-05 12:24:00+00', NULL, 62, NULL, NULL, NULL, NULL, NULL, 'VNPAY', 'PAID', NULL);
INSERT INTO public.payment (amount, penalty_amount, created_at, id, paid_at, processed_by_staff_id, session_id, voided_at, description, gateway_ref, gateway_response_code, gateway_txn_no, method, status, void_reason) VALUES (30000.00, 0.00, '2026-06-05 13:38:00+00', 63, '2026-06-05 13:38:00+00', NULL, 63, NULL, NULL, NULL, NULL, NULL, 'VNPAY', 'PAID', NULL);
INSERT INTO public.payment (amount, penalty_amount, created_at, id, paid_at, processed_by_staff_id, session_id, voided_at, description, gateway_ref, gateway_response_code, gateway_txn_no, method, status, void_reason) VALUES (15000.00, 0.00, '2026-06-05 23:44:00+00', 64, '2026-06-05 23:44:00+00', NULL, 64, NULL, NULL, NULL, NULL, NULL, 'ONLINE', 'PAID', NULL);
INSERT INTO public.payment (amount, penalty_amount, created_at, id, paid_at, processed_by_staff_id, session_id, voided_at, description, gateway_ref, gateway_response_code, gateway_txn_no, method, status, void_reason) VALUES (60000.00, 0.00, '2026-06-05 11:20:00+00', 65, '2026-06-05 11:20:00+00', NULL, 65, NULL, NULL, NULL, NULL, NULL, 'VNPAY', 'PAID', NULL);
INSERT INTO public.payment (amount, penalty_amount, created_at, id, paid_at, processed_by_staff_id, session_id, voided_at, description, gateway_ref, gateway_response_code, gateway_txn_no, method, status, void_reason) VALUES (10000.00, 0.00, '2026-06-05 09:44:00+00', 66, '2026-06-05 09:44:00+00', NULL, 66, NULL, NULL, NULL, NULL, NULL, 'VNPAY', 'PAID', NULL);
INSERT INTO public.payment (amount, penalty_amount, created_at, id, paid_at, processed_by_staff_id, session_id, voided_at, description, gateway_ref, gateway_response_code, gateway_txn_no, method, status, void_reason) VALUES (20000.00, 0.00, '2026-06-05 19:05:00+00', 67, '2026-06-05 19:05:00+00', NULL, 67, NULL, NULL, NULL, NULL, NULL, 'ONLINE', 'PAID', NULL);
INSERT INTO public.payment (amount, penalty_amount, created_at, id, paid_at, processed_by_staff_id, session_id, voided_at, description, gateway_ref, gateway_response_code, gateway_txn_no, method, status, void_reason) VALUES (25000.00, 0.00, '2026-06-05 14:29:00+00', 68, '2026-06-05 14:29:00+00', NULL, 68, NULL, NULL, NULL, NULL, NULL, 'ONLINE', 'PAID', NULL);
INSERT INTO public.payment (amount, penalty_amount, created_at, id, paid_at, processed_by_staff_id, session_id, voided_at, description, gateway_ref, gateway_response_code, gateway_txn_no, method, status, void_reason) VALUES (25000.00, 0.00, '2026-06-05 12:43:00+00', 69, '2026-06-05 12:43:00+00', NULL, 69, NULL, NULL, NULL, NULL, NULL, 'ONLINE', 'PAID', NULL);
INSERT INTO public.payment (amount, penalty_amount, created_at, id, paid_at, processed_by_staff_id, session_id, voided_at, description, gateway_ref, gateway_response_code, gateway_txn_no, method, status, void_reason) VALUES (90000.00, 0.00, '2026-06-06 19:52:00+00', 70, '2026-06-06 19:52:00+00', NULL, 70, NULL, NULL, NULL, NULL, NULL, 'ONLINE', 'PAID', NULL);
INSERT INTO public.payment (amount, penalty_amount, created_at, id, paid_at, processed_by_staff_id, session_id, voided_at, description, gateway_ref, gateway_response_code, gateway_txn_no, method, status, void_reason) VALUES (50000.00, 0.00, '2026-06-06 13:47:00+00', 71, '2026-06-06 13:47:00+00', NULL, 71, NULL, NULL, NULL, NULL, NULL, 'CASH', 'PAID', NULL);
INSERT INTO public.payment (amount, penalty_amount, created_at, id, paid_at, processed_by_staff_id, session_id, voided_at, description, gateway_ref, gateway_response_code, gateway_txn_no, method, status, void_reason) VALUES (25000.00, 0.00, '2026-06-06 17:00:00+00', 72, '2026-06-06 17:00:00+00', NULL, 72, NULL, NULL, NULL, NULL, NULL, 'CASH', 'PAID', NULL);
INSERT INTO public.payment (amount, penalty_amount, created_at, id, paid_at, processed_by_staff_id, session_id, voided_at, description, gateway_ref, gateway_response_code, gateway_txn_no, method, status, void_reason) VALUES (20000.00, 0.00, '2026-06-06 10:09:00+00', 73, '2026-06-06 10:09:00+00', NULL, 73, NULL, NULL, NULL, NULL, NULL, 'CASH', 'PAID', NULL);
INSERT INTO public.payment (amount, penalty_amount, created_at, id, paid_at, processed_by_staff_id, session_id, voided_at, description, gateway_ref, gateway_response_code, gateway_txn_no, method, status, void_reason) VALUES (30000.00, 0.00, '2026-06-06 23:21:00+00', 74, '2026-06-06 23:21:00+00', NULL, 74, NULL, NULL, NULL, NULL, NULL, 'ONLINE', 'PAID', NULL);
INSERT INTO public.payment (amount, penalty_amount, created_at, id, paid_at, processed_by_staff_id, session_id, voided_at, description, gateway_ref, gateway_response_code, gateway_txn_no, method, status, void_reason) VALUES (25000.00, 0.00, '2026-06-06 23:40:00+00', 75, '2026-06-06 23:40:00+00', NULL, 75, NULL, NULL, NULL, NULL, NULL, 'CASH', 'PAID', NULL);
INSERT INTO public.payment (amount, penalty_amount, created_at, id, paid_at, processed_by_staff_id, session_id, voided_at, description, gateway_ref, gateway_response_code, gateway_txn_no, method, status, void_reason) VALUES (90000.00, 0.00, '2026-06-06 23:33:00+00', 76, '2026-06-06 23:33:00+00', NULL, 76, NULL, NULL, NULL, NULL, NULL, 'VNPAY', 'PAID', NULL);
INSERT INTO public.payment (amount, penalty_amount, created_at, id, paid_at, processed_by_staff_id, session_id, voided_at, description, gateway_ref, gateway_response_code, gateway_txn_no, method, status, void_reason) VALUES (5000.00, 0.00, '2026-06-06 09:15:00+00', 77, '2026-06-06 09:15:00+00', NULL, 77, NULL, NULL, NULL, NULL, NULL, 'CASH', 'PAID', NULL);
INSERT INTO public.payment (amount, penalty_amount, created_at, id, paid_at, processed_by_staff_id, session_id, voided_at, description, gateway_ref, gateway_response_code, gateway_txn_no, method, status, void_reason) VALUES (30000.00, 0.00, '2026-06-06 21:31:00+00', 78, '2026-06-06 21:31:00+00', NULL, 78, NULL, NULL, NULL, NULL, NULL, 'VNPAY', 'PAID', NULL);
INSERT INTO public.payment (amount, penalty_amount, created_at, id, paid_at, processed_by_staff_id, session_id, voided_at, description, gateway_ref, gateway_response_code, gateway_txn_no, method, status, void_reason) VALUES (20000.00, 0.00, '2026-06-06 14:14:00+00', 79, '2026-06-06 14:14:00+00', NULL, 79, NULL, NULL, NULL, NULL, NULL, 'VNPAY', 'PAID', NULL);
INSERT INTO public.payment (amount, penalty_amount, created_at, id, paid_at, processed_by_staff_id, session_id, voided_at, description, gateway_ref, gateway_response_code, gateway_txn_no, method, status, void_reason) VALUES (30000.00, 0.00, '2026-06-06 19:46:00+00', 80, '2026-06-06 19:46:00+00', NULL, 80, NULL, NULL, NULL, NULL, NULL, 'VNPAY', 'PAID', NULL);
INSERT INTO public.payment (amount, penalty_amount, created_at, id, paid_at, processed_by_staff_id, session_id, voided_at, description, gateway_ref, gateway_response_code, gateway_txn_no, method, status, void_reason) VALUES (45000.00, 0.00, '2026-06-06 22:51:00+00', 81, '2026-06-06 22:51:00+00', NULL, 81, NULL, NULL, NULL, NULL, NULL, 'ONLINE', 'PAID', NULL);
INSERT INTO public.payment (amount, penalty_amount, created_at, id, paid_at, processed_by_staff_id, session_id, voided_at, description, gateway_ref, gateway_response_code, gateway_txn_no, method, status, void_reason) VALUES (15000.00, 0.00, '2026-06-07 15:04:00+00', 82, '2026-06-07 15:04:00+00', NULL, 82, NULL, NULL, NULL, NULL, NULL, 'VNPAY', 'PAID', NULL);
INSERT INTO public.payment (amount, penalty_amount, created_at, id, paid_at, processed_by_staff_id, session_id, voided_at, description, gateway_ref, gateway_response_code, gateway_txn_no, method, status, void_reason) VALUES (25000.00, 0.00, '2026-06-07 12:38:00+00', 83, '2026-06-07 12:38:00+00', NULL, 83, NULL, NULL, NULL, NULL, NULL, 'VNPAY', 'PAID', NULL);
INSERT INTO public.payment (amount, penalty_amount, created_at, id, paid_at, processed_by_staff_id, session_id, voided_at, description, gateway_ref, gateway_response_code, gateway_txn_no, method, status, void_reason) VALUES (20000.00, 0.00, '2026-06-07 11:33:00+00', 84, '2026-06-07 11:33:00+00', NULL, 84, NULL, NULL, NULL, NULL, NULL, 'VNPAY', 'PAID', NULL);
INSERT INTO public.payment (amount, penalty_amount, created_at, id, paid_at, processed_by_staff_id, session_id, voided_at, description, gateway_ref, gateway_response_code, gateway_txn_no, method, status, void_reason) VALUES (10000.00, 0.00, '2026-06-07 19:42:00+00', 85, '2026-06-07 19:42:00+00', NULL, 85, NULL, NULL, NULL, NULL, NULL, 'CASH', 'PAID', NULL);
INSERT INTO public.payment (amount, penalty_amount, created_at, id, paid_at, processed_by_staff_id, session_id, voided_at, description, gateway_ref, gateway_response_code, gateway_txn_no, method, status, void_reason) VALUES (5000.00, 0.00, '2026-06-07 09:17:00+00', 86, '2026-06-07 09:17:00+00', NULL, 86, NULL, NULL, NULL, NULL, NULL, 'CASH', 'PAID', NULL);
INSERT INTO public.payment (amount, penalty_amount, created_at, id, paid_at, processed_by_staff_id, session_id, voided_at, description, gateway_ref, gateway_response_code, gateway_txn_no, method, status, void_reason) VALUES (15000.00, 0.00, '2026-06-07 10:28:00+00', 87, '2026-06-07 10:28:00+00', NULL, 87, NULL, NULL, NULL, NULL, NULL, 'VNPAY', 'PAID', NULL);
INSERT INTO public.payment (amount, penalty_amount, created_at, id, paid_at, processed_by_staff_id, session_id, voided_at, description, gateway_ref, gateway_response_code, gateway_txn_no, method, status, void_reason) VALUES (60000.00, 0.00, '2026-06-07 14:54:00+00', 88, '2026-06-07 14:54:00+00', NULL, 88, NULL, NULL, NULL, NULL, NULL, 'ONLINE', 'PAID', NULL);
INSERT INTO public.payment (amount, penalty_amount, created_at, id, paid_at, processed_by_staff_id, session_id, voided_at, description, gateway_ref, gateway_response_code, gateway_txn_no, method, status, void_reason) VALUES (45000.00, 0.00, '2026-06-07 17:51:00+00', 89, '2026-06-07 17:51:00+00', NULL, 89, NULL, NULL, NULL, NULL, NULL, 'ONLINE', 'PAID', NULL);
INSERT INTO public.payment (amount, penalty_amount, created_at, id, paid_at, processed_by_staff_id, session_id, voided_at, description, gateway_ref, gateway_response_code, gateway_txn_no, method, status, void_reason) VALUES (15000.00, 0.00, '2026-06-07 10:59:00+00', 90, '2026-06-07 10:59:00+00', NULL, 90, NULL, NULL, NULL, NULL, NULL, 'ONLINE', 'PAID', NULL);
INSERT INTO public.payment (amount, penalty_amount, created_at, id, paid_at, processed_by_staff_id, session_id, voided_at, description, gateway_ref, gateway_response_code, gateway_txn_no, method, status, void_reason) VALUES (75000.00, 0.00, '2026-06-07 23:43:00+00', 91, '2026-06-07 23:43:00+00', NULL, 91, NULL, NULL, NULL, NULL, NULL, 'CASH', 'PAID', NULL);
INSERT INTO public.payment (amount, penalty_amount, created_at, id, paid_at, processed_by_staff_id, session_id, voided_at, description, gateway_ref, gateway_response_code, gateway_txn_no, method, status, void_reason) VALUES (30000.00, 0.00, '2026-06-07 21:18:00+00', 92, '2026-06-07 21:18:00+00', NULL, 92, NULL, NULL, NULL, NULL, NULL, 'CASH', 'PAID', NULL);
INSERT INTO public.payment (amount, penalty_amount, created_at, id, paid_at, processed_by_staff_id, session_id, voided_at, description, gateway_ref, gateway_response_code, gateway_txn_no, method, status, void_reason) VALUES (25000.00, 0.00, '2026-06-08 14:24:00+00', 93, '2026-06-08 14:24:00+00', NULL, 93, NULL, NULL, NULL, NULL, NULL, 'VNPAY', 'PAID', NULL);
INSERT INTO public.payment (amount, penalty_amount, created_at, id, paid_at, processed_by_staff_id, session_id, voided_at, description, gateway_ref, gateway_response_code, gateway_txn_no, method, status, void_reason) VALUES (50000.00, 0.00, '2026-06-08 13:30:00+00', 94, '2026-06-08 13:30:00+00', NULL, 94, NULL, NULL, NULL, NULL, NULL, 'CASH', 'PAID', NULL);
INSERT INTO public.payment (amount, penalty_amount, created_at, id, paid_at, processed_by_staff_id, session_id, voided_at, description, gateway_ref, gateway_response_code, gateway_txn_no, method, status, void_reason) VALUES (20000.00, 0.00, '2026-06-08 13:10:00+00', 95, '2026-06-08 13:10:00+00', NULL, 95, NULL, NULL, NULL, NULL, NULL, 'VNPAY', 'PAID', NULL);
INSERT INTO public.payment (amount, penalty_amount, created_at, id, paid_at, processed_by_staff_id, session_id, voided_at, description, gateway_ref, gateway_response_code, gateway_txn_no, method, status, void_reason) VALUES (15000.00, 0.00, '2026-06-08 09:55:00+00', 96, '2026-06-08 09:55:00+00', NULL, 96, NULL, NULL, NULL, NULL, NULL, 'CASH', 'PAID', NULL);
INSERT INTO public.payment (amount, penalty_amount, created_at, id, paid_at, processed_by_staff_id, session_id, voided_at, description, gateway_ref, gateway_response_code, gateway_txn_no, method, status, void_reason) VALUES (40000.00, 0.00, '2026-06-08 12:41:00+00', 97, '2026-06-08 12:41:00+00', NULL, 97, NULL, NULL, NULL, NULL, NULL, 'VNPAY', 'PAID', NULL);
INSERT INTO public.payment (amount, penalty_amount, created_at, id, paid_at, processed_by_staff_id, session_id, voided_at, description, gateway_ref, gateway_response_code, gateway_txn_no, method, status, void_reason) VALUES (50000.00, 0.00, '2026-06-08 14:36:00+00', 98, '2026-06-08 14:36:00+00', NULL, 98, NULL, NULL, NULL, NULL, NULL, 'VNPAY', 'PAID', NULL);
INSERT INTO public.payment (amount, penalty_amount, created_at, id, paid_at, processed_by_staff_id, session_id, voided_at, description, gateway_ref, gateway_response_code, gateway_txn_no, method, status, void_reason) VALUES (25000.00, 0.00, '2026-06-08 13:56:00+00', 99, '2026-06-08 13:56:00+00', NULL, 99, NULL, NULL, NULL, NULL, NULL, 'CASH', 'PAID', NULL);
INSERT INTO public.payment (amount, penalty_amount, created_at, id, paid_at, processed_by_staff_id, session_id, voided_at, description, gateway_ref, gateway_response_code, gateway_txn_no, method, status, void_reason) VALUES (25000.00, 0.00, '2026-06-08 14:00:00+00', 100, '2026-06-08 14:00:00+00', NULL, 100, NULL, NULL, NULL, NULL, NULL, 'VNPAY', 'PAID', NULL);
INSERT INTO public.payment (amount, penalty_amount, created_at, id, paid_at, processed_by_staff_id, session_id, voided_at, description, gateway_ref, gateway_response_code, gateway_txn_no, method, status, void_reason) VALUES (20000.00, 0.00, '2026-06-08 15:45:00+00', 101, '2026-06-08 15:45:00+00', NULL, 101, NULL, NULL, NULL, NULL, NULL, 'VNPAY', 'PAID', NULL);
INSERT INTO public.payment (amount, penalty_amount, created_at, id, paid_at, processed_by_staff_id, session_id, voided_at, description, gateway_ref, gateway_response_code, gateway_txn_no, method, status, void_reason) VALUES (60000.00, 0.00, '2026-06-08 14:48:00+00', 102, '2026-06-08 14:48:00+00', NULL, 102, NULL, NULL, NULL, NULL, NULL, 'ONLINE', 'PAID', NULL);
INSERT INTO public.payment (amount, penalty_amount, created_at, id, paid_at, processed_by_staff_id, session_id, voided_at, description, gateway_ref, gateway_response_code, gateway_txn_no, method, status, void_reason) VALUES (45000.00, 0.00, '2026-06-08 09:34:00+00', 103, '2026-06-08 09:34:00+00', NULL, 103, NULL, NULL, NULL, NULL, NULL, 'CASH', 'PAID', NULL);
INSERT INTO public.payment (amount, penalty_amount, created_at, id, paid_at, processed_by_staff_id, session_id, voided_at, description, gateway_ref, gateway_response_code, gateway_txn_no, method, status, void_reason) VALUES (60000.00, 0.00, '2026-06-08 19:09:00+00', 104, '2026-06-08 19:09:00+00', NULL, 104, NULL, NULL, NULL, NULL, NULL, 'CASH', 'PAID', NULL);
INSERT INTO public.payment (amount, penalty_amount, created_at, id, paid_at, processed_by_staff_id, session_id, voided_at, description, gateway_ref, gateway_response_code, gateway_txn_no, method, status, void_reason) VALUES (30000.00, 0.00, '2026-06-08 11:51:00+00', 105, '2026-06-08 11:51:00+00', NULL, 105, NULL, NULL, NULL, NULL, NULL, 'CASH', 'PAID', NULL);
INSERT INTO public.payment (amount, penalty_amount, created_at, id, paid_at, processed_by_staff_id, session_id, voided_at, description, gateway_ref, gateway_response_code, gateway_txn_no, method, status, void_reason) VALUES (60000.00, 0.00, '2026-06-08 11:17:00+00', 106, '2026-06-08 11:17:00+00', NULL, 106, NULL, NULL, NULL, NULL, NULL, 'VNPAY', 'PAID', NULL);
INSERT INTO public.payment (amount, penalty_amount, created_at, id, paid_at, processed_by_staff_id, session_id, voided_at, description, gateway_ref, gateway_response_code, gateway_txn_no, method, status, void_reason) VALUES (5000.00, 0.00, '2026-06-09 15:22:00+00', 107, '2026-06-09 15:22:00+00', NULL, 107, NULL, NULL, NULL, NULL, NULL, 'VNPAY', 'PAID', NULL);
INSERT INTO public.payment (amount, penalty_amount, created_at, id, paid_at, processed_by_staff_id, session_id, voided_at, description, gateway_ref, gateway_response_code, gateway_txn_no, method, status, void_reason) VALUES (50000.00, 0.00, '2026-06-10 01:43:00+00', 108, '2026-06-10 01:43:00+00', NULL, 108, NULL, NULL, NULL, NULL, NULL, 'VNPAY', 'PAID', NULL);
INSERT INTO public.payment (amount, penalty_amount, created_at, id, paid_at, processed_by_staff_id, session_id, voided_at, description, gateway_ref, gateway_response_code, gateway_txn_no, method, status, void_reason) VALUES (45000.00, 0.00, '2026-06-09 12:08:00+00', 109, '2026-06-09 12:08:00+00', NULL, 109, NULL, NULL, NULL, NULL, NULL, 'ONLINE', 'PAID', NULL);
INSERT INTO public.payment (amount, penalty_amount, created_at, id, paid_at, processed_by_staff_id, session_id, voided_at, description, gateway_ref, gateway_response_code, gateway_txn_no, method, status, void_reason) VALUES (5000.00, 0.00, '2026-06-09 19:48:00+00', 110, '2026-06-09 19:48:00+00', NULL, 110, NULL, NULL, NULL, NULL, NULL, 'ONLINE', 'PAID', NULL);
INSERT INTO public.payment (amount, penalty_amount, created_at, id, paid_at, processed_by_staff_id, session_id, voided_at, description, gateway_ref, gateway_response_code, gateway_txn_no, method, status, void_reason) VALUES (20000.00, 0.00, '2026-06-09 10:12:00+00', 111, '2026-06-09 10:12:00+00', NULL, 111, NULL, NULL, NULL, NULL, NULL, 'ONLINE', 'PAID', NULL);
INSERT INTO public.payment (amount, penalty_amount, created_at, id, paid_at, processed_by_staff_id, session_id, voided_at, description, gateway_ref, gateway_response_code, gateway_txn_no, method, status, void_reason) VALUES (90000.00, 0.00, '2026-06-09 23:24:00+00', 112, '2026-06-09 23:24:00+00', NULL, 112, NULL, NULL, NULL, NULL, NULL, 'CASH', 'PAID', NULL);
INSERT INTO public.payment (amount, penalty_amount, created_at, id, paid_at, processed_by_staff_id, session_id, voided_at, description, gateway_ref, gateway_response_code, gateway_txn_no, method, status, void_reason) VALUES (45000.00, 0.00, '2026-06-09 11:58:00+00', 113, '2026-06-09 11:58:00+00', NULL, 113, NULL, NULL, NULL, NULL, NULL, 'VNPAY', 'PAID', NULL);
INSERT INTO public.payment (amount, penalty_amount, created_at, id, paid_at, processed_by_staff_id, session_id, voided_at, description, gateway_ref, gateway_response_code, gateway_txn_no, method, status, void_reason) VALUES (20000.00, 0.00, '2026-06-09 11:43:00+00', 114, '2026-06-09 11:43:00+00', NULL, 114, NULL, NULL, NULL, NULL, NULL, 'ONLINE', 'PAID', NULL);
INSERT INTO public.payment (amount, penalty_amount, created_at, id, paid_at, processed_by_staff_id, session_id, voided_at, description, gateway_ref, gateway_response_code, gateway_txn_no, method, status, void_reason) VALUES (60000.00, 0.00, '2026-06-10 00:10:00+00', 115, '2026-06-10 00:10:00+00', NULL, 115, NULL, NULL, NULL, NULL, NULL, 'VNPAY', 'PAID', NULL);
INSERT INTO public.payment (amount, penalty_amount, created_at, id, paid_at, processed_by_staff_id, session_id, voided_at, description, gateway_ref, gateway_response_code, gateway_txn_no, method, status, void_reason) VALUES (40000.00, 0.00, '2026-06-09 11:29:00+00', 116, '2026-06-09 11:29:00+00', NULL, 116, NULL, NULL, NULL, NULL, NULL, 'ONLINE', 'PAID', NULL);
INSERT INTO public.payment (amount, penalty_amount, created_at, id, paid_at, processed_by_staff_id, session_id, voided_at, description, gateway_ref, gateway_response_code, gateway_txn_no, method, status, void_reason) VALUES (10000.00, 0.00, '2026-06-09 20:50:00+00', 117, '2026-06-09 20:50:00+00', NULL, 117, NULL, NULL, NULL, NULL, NULL, 'CASH', 'PAID', NULL);
INSERT INTO public.payment (amount, penalty_amount, created_at, id, paid_at, processed_by_staff_id, session_id, voided_at, description, gateway_ref, gateway_response_code, gateway_txn_no, method, status, void_reason) VALUES (15000.00, 0.00, '2026-06-09 21:26:00+00', 118, '2026-06-09 21:26:00+00', NULL, 118, NULL, NULL, NULL, NULL, NULL, 'VNPAY', 'PAID', NULL);
INSERT INTO public.payment (amount, penalty_amount, created_at, id, paid_at, processed_by_staff_id, session_id, voided_at, description, gateway_ref, gateway_response_code, gateway_txn_no, method, status, void_reason) VALUES (40000.00, 0.00, '2026-06-09 12:26:00+00', 119, '2026-06-09 12:26:00+00', NULL, 119, NULL, NULL, NULL, NULL, NULL, 'ONLINE', 'PAID', NULL);
INSERT INTO public.payment (amount, penalty_amount, created_at, id, paid_at, processed_by_staff_id, session_id, voided_at, description, gateway_ref, gateway_response_code, gateway_txn_no, method, status, void_reason) VALUES (30000.00, 0.00, '2026-06-10 11:32:00+00', 120, '2026-06-10 11:32:00+00', NULL, 120, NULL, NULL, NULL, NULL, NULL, 'VNPAY', 'PAID', NULL);
INSERT INTO public.payment (amount, penalty_amount, created_at, id, paid_at, processed_by_staff_id, session_id, voided_at, description, gateway_ref, gateway_response_code, gateway_txn_no, method, status, void_reason) VALUES (10000.00, 0.00, '2026-06-10 19:05:00+00', 121, '2026-06-10 19:05:00+00', NULL, 121, NULL, NULL, NULL, NULL, NULL, 'ONLINE', 'PAID', NULL);
INSERT INTO public.payment (amount, penalty_amount, created_at, id, paid_at, processed_by_staff_id, session_id, voided_at, description, gateway_ref, gateway_response_code, gateway_txn_no, method, status, void_reason) VALUES (5000.00, 0.00, '2026-06-10 20:08:00+00', 122, '2026-06-10 20:08:00+00', NULL, 122, NULL, NULL, NULL, NULL, NULL, 'ONLINE', 'PAID', NULL);
INSERT INTO public.payment (amount, penalty_amount, created_at, id, paid_at, processed_by_staff_id, session_id, voided_at, description, gateway_ref, gateway_response_code, gateway_txn_no, method, status, void_reason) VALUES (60000.00, 0.00, '2026-06-10 20:00:00+00', 123, '2026-06-10 20:00:00+00', NULL, 123, NULL, NULL, NULL, NULL, NULL, 'VNPAY', 'PAID', NULL);
INSERT INTO public.payment (amount, penalty_amount, created_at, id, paid_at, processed_by_staff_id, session_id, voided_at, description, gateway_ref, gateway_response_code, gateway_txn_no, method, status, void_reason) VALUES (5000.00, 0.00, '2026-06-10 19:55:00+00', 124, '2026-06-10 19:55:00+00', NULL, 124, NULL, NULL, NULL, NULL, NULL, 'VNPAY', 'PAID', NULL);
INSERT INTO public.payment (amount, penalty_amount, created_at, id, paid_at, processed_by_staff_id, session_id, voided_at, description, gateway_ref, gateway_response_code, gateway_txn_no, method, status, void_reason) VALUES (25000.00, 0.00, '2026-06-10 17:07:00+00', 125, '2026-06-10 17:07:00+00', NULL, 125, NULL, NULL, NULL, NULL, NULL, 'CASH', 'PAID', NULL);
INSERT INTO public.payment (amount, penalty_amount, created_at, id, paid_at, processed_by_staff_id, session_id, voided_at, description, gateway_ref, gateway_response_code, gateway_txn_no, method, status, void_reason) VALUES (30000.00, 0.00, '2026-06-10 16:00:00+00', 126, '2026-06-10 16:00:00+00', NULL, 126, NULL, NULL, NULL, NULL, NULL, 'CASH', 'PAID', NULL);
INSERT INTO public.payment (amount, penalty_amount, created_at, id, paid_at, processed_by_staff_id, session_id, voided_at, description, gateway_ref, gateway_response_code, gateway_txn_no, method, status, void_reason) VALUES (10000.00, 0.00, '2026-06-10 09:24:00+00', 127, '2026-06-10 09:24:00+00', NULL, 127, NULL, NULL, NULL, NULL, NULL, 'ONLINE', 'PAID', NULL);
INSERT INTO public.payment (amount, penalty_amount, created_at, id, paid_at, processed_by_staff_id, session_id, voided_at, description, gateway_ref, gateway_response_code, gateway_txn_no, method, status, void_reason) VALUES (5000.00, 0.00, '2026-06-10 18:20:00+00', 128, '2026-06-10 18:20:00+00', NULL, 128, NULL, NULL, NULL, NULL, NULL, 'VNPAY', 'PAID', NULL);
INSERT INTO public.payment (amount, penalty_amount, created_at, id, paid_at, processed_by_staff_id, session_id, voided_at, description, gateway_ref, gateway_response_code, gateway_txn_no, method, status, void_reason) VALUES (60000.00, 0.00, '2026-06-10 13:56:00+00', 129, '2026-06-10 13:56:00+00', NULL, 129, NULL, NULL, NULL, NULL, NULL, 'CASH', 'PAID', NULL);
INSERT INTO public.payment (amount, penalty_amount, created_at, id, paid_at, processed_by_staff_id, session_id, voided_at, description, gateway_ref, gateway_response_code, gateway_txn_no, method, status, void_reason) VALUES (25000.00, 0.00, '2026-06-10 23:47:00+00', 130, '2026-06-10 23:47:00+00', NULL, 130, NULL, NULL, NULL, NULL, NULL, 'CASH', 'PAID', NULL);
INSERT INTO public.payment (amount, penalty_amount, created_at, id, paid_at, processed_by_staff_id, session_id, voided_at, description, gateway_ref, gateway_response_code, gateway_txn_no, method, status, void_reason) VALUES (45000.00, 0.00, '2026-06-10 20:34:00+00', 131, '2026-06-10 20:34:00+00', NULL, 131, NULL, NULL, NULL, NULL, NULL, 'VNPAY', 'PAID', NULL);
INSERT INTO public.payment (amount, penalty_amount, created_at, id, paid_at, processed_by_staff_id, session_id, voided_at, description, gateway_ref, gateway_response_code, gateway_txn_no, method, status, void_reason) VALUES (60000.00, 0.00, '2026-06-10 16:19:00+00', 132, '2026-06-10 16:19:00+00', NULL, 132, NULL, NULL, NULL, NULL, NULL, 'ONLINE', 'PAID', NULL);
INSERT INTO public.payment (amount, penalty_amount, created_at, id, paid_at, processed_by_staff_id, session_id, voided_at, description, gateway_ref, gateway_response_code, gateway_txn_no, method, status, void_reason) VALUES (25000.00, 0.00, '2026-06-11 13:33:00+00', 133, '2026-06-11 13:33:00+00', NULL, 133, NULL, NULL, NULL, NULL, NULL, 'VNPAY', 'PAID', NULL);
INSERT INTO public.payment (amount, penalty_amount, created_at, id, paid_at, processed_by_staff_id, session_id, voided_at, description, gateway_ref, gateway_response_code, gateway_txn_no, method, status, void_reason) VALUES (5000.00, 0.00, '2026-06-11 10:32:00+00', 134, '2026-06-11 10:32:00+00', NULL, 134, NULL, NULL, NULL, NULL, NULL, 'VNPAY', 'PAID', NULL);
INSERT INTO public.payment (amount, penalty_amount, created_at, id, paid_at, processed_by_staff_id, session_id, voided_at, description, gateway_ref, gateway_response_code, gateway_txn_no, method, status, void_reason) VALUES (90000.00, 0.00, '2026-06-11 14:52:00+00', 135, '2026-06-11 14:52:00+00', NULL, 135, NULL, NULL, NULL, NULL, NULL, 'ONLINE', 'PAID', NULL);
INSERT INTO public.payment (amount, penalty_amount, created_at, id, paid_at, processed_by_staff_id, session_id, voided_at, description, gateway_ref, gateway_response_code, gateway_txn_no, method, status, void_reason) VALUES (50000.00, 0.00, '2026-06-11 13:43:00+00', 136, '2026-06-11 13:43:00+00', NULL, 136, NULL, NULL, NULL, NULL, NULL, 'CASH', 'PAID', NULL);
INSERT INTO public.payment (amount, penalty_amount, created_at, id, paid_at, processed_by_staff_id, session_id, voided_at, description, gateway_ref, gateway_response_code, gateway_txn_no, method, status, void_reason) VALUES (50000.00, 0.00, '2026-06-11 23:16:00+00', 137, '2026-06-11 23:16:00+00', NULL, 137, NULL, NULL, NULL, NULL, NULL, 'CASH', 'PAID', NULL);
INSERT INTO public.payment (amount, penalty_amount, created_at, id, paid_at, processed_by_staff_id, session_id, voided_at, description, gateway_ref, gateway_response_code, gateway_txn_no, method, status, void_reason) VALUES (15000.00, 0.00, '2026-06-11 12:09:00+00', 138, '2026-06-11 12:09:00+00', NULL, 138, NULL, NULL, NULL, NULL, NULL, 'VNPAY', 'PAID', NULL);
INSERT INTO public.payment (amount, penalty_amount, created_at, id, paid_at, processed_by_staff_id, session_id, voided_at, description, gateway_ref, gateway_response_code, gateway_txn_no, method, status, void_reason) VALUES (60000.00, 0.00, '2026-06-11 12:57:00+00', 139, '2026-06-11 12:57:00+00', NULL, 139, NULL, NULL, NULL, NULL, NULL, 'CASH', 'PAID', NULL);
INSERT INTO public.payment (amount, penalty_amount, created_at, id, paid_at, processed_by_staff_id, session_id, voided_at, description, gateway_ref, gateway_response_code, gateway_txn_no, method, status, void_reason) VALUES (45000.00, 0.00, '2026-06-11 23:37:00+00', 140, '2026-06-11 23:37:00+00', NULL, 140, NULL, NULL, NULL, NULL, NULL, 'VNPAY', 'PAID', NULL);
INSERT INTO public.payment (amount, penalty_amount, created_at, id, paid_at, processed_by_staff_id, session_id, voided_at, description, gateway_ref, gateway_response_code, gateway_txn_no, method, status, void_reason) VALUES (10000.00, 0.00, '2026-06-11 21:35:00+00', 141, '2026-06-11 21:35:00+00', NULL, 141, NULL, NULL, NULL, NULL, NULL, 'ONLINE', 'PAID', NULL);
INSERT INTO public.payment (amount, penalty_amount, created_at, id, paid_at, processed_by_staff_id, session_id, voided_at, description, gateway_ref, gateway_response_code, gateway_txn_no, method, status, void_reason) VALUES (10000.00, 0.00, '2026-06-11 09:31:00+00', 142, '2026-06-11 09:31:00+00', NULL, 142, NULL, NULL, NULL, NULL, NULL, 'CASH', 'PAID', NULL);
INSERT INTO public.payment (amount, penalty_amount, created_at, id, paid_at, processed_by_staff_id, session_id, voided_at, description, gateway_ref, gateway_response_code, gateway_txn_no, method, status, void_reason) VALUES (60000.00, 0.00, '2026-06-11 17:41:00+00', 143, '2026-06-11 17:41:00+00', NULL, 143, NULL, NULL, NULL, NULL, NULL, 'ONLINE', 'PAID', NULL);
INSERT INTO public.payment (amount, penalty_amount, created_at, id, paid_at, processed_by_staff_id, session_id, voided_at, description, gateway_ref, gateway_response_code, gateway_txn_no, method, status, void_reason) VALUES (75000.00, 0.00, '2026-06-11 23:55:00+00', 144, '2026-06-11 23:55:00+00', NULL, 144, NULL, NULL, NULL, NULL, NULL, 'CASH', 'PAID', NULL);
INSERT INTO public.payment (amount, penalty_amount, created_at, id, paid_at, processed_by_staff_id, session_id, voided_at, description, gateway_ref, gateway_response_code, gateway_txn_no, method, status, void_reason) VALUES (30000.00, 0.00, '2026-06-11 15:05:00+00', 145, '2026-06-11 15:05:00+00', NULL, 145, NULL, NULL, NULL, NULL, NULL, 'CASH', 'PAID', NULL);
INSERT INTO public.payment (amount, penalty_amount, created_at, id, paid_at, processed_by_staff_id, session_id, voided_at, description, gateway_ref, gateway_response_code, gateway_txn_no, method, status, void_reason) VALUES (40000.00, 0.00, '2026-06-11 21:48:00+00', 146, '2026-06-11 21:48:00+00', NULL, 146, NULL, NULL, NULL, NULL, NULL, 'VNPAY', 'PAID', NULL);
INSERT INTO public.payment (amount, penalty_amount, created_at, id, paid_at, processed_by_staff_id, session_id, voided_at, description, gateway_ref, gateway_response_code, gateway_txn_no, method, status, void_reason) VALUES (15000.00, 0.00, '2026-06-12 10:26:00+00', 147, '2026-06-12 10:26:00+00', NULL, 147, NULL, NULL, NULL, NULL, NULL, 'CASH', 'PAID', NULL);
INSERT INTO public.payment (amount, penalty_amount, created_at, id, paid_at, processed_by_staff_id, session_id, voided_at, description, gateway_ref, gateway_response_code, gateway_txn_no, method, status, void_reason) VALUES (15000.00, 0.00, '2026-06-12 19:19:00+00', 148, '2026-06-12 19:19:00+00', NULL, 148, NULL, NULL, NULL, NULL, NULL, 'VNPAY', 'PAID', NULL);
INSERT INTO public.payment (amount, penalty_amount, created_at, id, paid_at, processed_by_staff_id, session_id, voided_at, description, gateway_ref, gateway_response_code, gateway_txn_no, method, status, void_reason) VALUES (30000.00, 0.00, '2026-06-12 10:06:00+00', 149, '2026-06-12 10:06:00+00', NULL, 149, NULL, NULL, NULL, NULL, NULL, 'ONLINE', 'PAID', NULL);
INSERT INTO public.payment (amount, penalty_amount, created_at, id, paid_at, processed_by_staff_id, session_id, voided_at, description, gateway_ref, gateway_response_code, gateway_txn_no, method, status, void_reason) VALUES (60000.00, 0.00, '2026-06-12 13:29:00+00', 150, '2026-06-12 13:29:00+00', NULL, 150, NULL, NULL, NULL, NULL, NULL, 'VNPAY', 'PAID', NULL);
INSERT INTO public.payment (amount, penalty_amount, created_at, id, paid_at, processed_by_staff_id, session_id, voided_at, description, gateway_ref, gateway_response_code, gateway_txn_no, method, status, void_reason) VALUES (25000.00, 0.00, '2026-06-12 11:48:00+00', 151, '2026-06-12 11:48:00+00', NULL, 151, NULL, NULL, NULL, NULL, NULL, 'ONLINE', 'PAID', NULL);
INSERT INTO public.payment (amount, penalty_amount, created_at, id, paid_at, processed_by_staff_id, session_id, voided_at, description, gateway_ref, gateway_response_code, gateway_txn_no, method, status, void_reason) VALUES (20000.00, 0.00, '2026-06-12 14:21:00+00', 152, '2026-06-12 14:21:00+00', NULL, 152, NULL, NULL, NULL, NULL, NULL, 'ONLINE', 'PAID', NULL);
INSERT INTO public.payment (amount, penalty_amount, created_at, id, paid_at, processed_by_staff_id, session_id, voided_at, description, gateway_ref, gateway_response_code, gateway_txn_no, method, status, void_reason) VALUES (15000.00, 0.00, '2026-06-12 21:22:00+00', 153, '2026-06-12 21:22:00+00', NULL, 153, NULL, NULL, NULL, NULL, NULL, 'ONLINE', 'PAID', NULL);
INSERT INTO public.payment (amount, penalty_amount, created_at, id, paid_at, processed_by_staff_id, session_id, voided_at, description, gateway_ref, gateway_response_code, gateway_txn_no, method, status, void_reason) VALUES (50000.00, 0.00, '2026-06-12 17:01:00+00', 154, '2026-06-12 17:01:00+00', NULL, 154, NULL, NULL, NULL, NULL, NULL, 'VNPAY', 'PAID', NULL);
INSERT INTO public.payment (amount, penalty_amount, created_at, id, paid_at, processed_by_staff_id, session_id, voided_at, description, gateway_ref, gateway_response_code, gateway_txn_no, method, status, void_reason) VALUES (10000.00, 0.00, '2026-06-13 21:14:00+00', 155, '2026-06-13 21:14:00+00', NULL, 155, NULL, NULL, NULL, NULL, NULL, 'VNPAY', 'PAID', NULL);
INSERT INTO public.payment (amount, penalty_amount, created_at, id, paid_at, processed_by_staff_id, session_id, voided_at, description, gateway_ref, gateway_response_code, gateway_txn_no, method, status, void_reason) VALUES (75000.00, 0.00, '2026-06-13 12:01:00+00', 156, '2026-06-13 12:01:00+00', NULL, 156, NULL, NULL, NULL, NULL, NULL, 'ONLINE', 'PAID', NULL);
INSERT INTO public.payment (amount, penalty_amount, created_at, id, paid_at, processed_by_staff_id, session_id, voided_at, description, gateway_ref, gateway_response_code, gateway_txn_no, method, status, void_reason) VALUES (15000.00, 0.00, '2026-06-13 23:18:00+00', 157, '2026-06-13 23:18:00+00', NULL, 157, NULL, NULL, NULL, NULL, NULL, 'ONLINE', 'PAID', NULL);
INSERT INTO public.payment (amount, penalty_amount, created_at, id, paid_at, processed_by_staff_id, session_id, voided_at, description, gateway_ref, gateway_response_code, gateway_txn_no, method, status, void_reason) VALUES (45000.00, 0.00, '2026-06-13 15:09:00+00', 158, '2026-06-13 15:09:00+00', NULL, 158, NULL, NULL, NULL, NULL, NULL, 'CASH', 'PAID', NULL);
INSERT INTO public.payment (amount, penalty_amount, created_at, id, paid_at, processed_by_staff_id, session_id, voided_at, description, gateway_ref, gateway_response_code, gateway_txn_no, method, status, void_reason) VALUES (10000.00, 0.00, '2026-06-13 15:23:00+00', 159, '2026-06-13 15:23:00+00', NULL, 159, NULL, NULL, NULL, NULL, NULL, 'CASH', 'PAID', NULL);
INSERT INTO public.payment (amount, penalty_amount, created_at, id, paid_at, processed_by_staff_id, session_id, voided_at, description, gateway_ref, gateway_response_code, gateway_txn_no, method, status, void_reason) VALUES (30000.00, 0.00, '2026-06-13 22:47:00+00', 160, '2026-06-13 22:47:00+00', NULL, 160, NULL, NULL, NULL, NULL, NULL, 'ONLINE', 'PAID', NULL);
INSERT INTO public.payment (amount, penalty_amount, created_at, id, paid_at, processed_by_staff_id, session_id, voided_at, description, gateway_ref, gateway_response_code, gateway_txn_no, method, status, void_reason) VALUES (10000.00, 0.00, '2026-06-13 09:15:00+00', 161, '2026-06-13 09:15:00+00', NULL, 161, NULL, NULL, NULL, NULL, NULL, 'VNPAY', 'PAID', NULL);
INSERT INTO public.payment (amount, penalty_amount, created_at, id, paid_at, processed_by_staff_id, session_id, voided_at, description, gateway_ref, gateway_response_code, gateway_txn_no, method, status, void_reason) VALUES (25000.00, 0.00, '2026-06-14 01:23:00+00', 162, '2026-06-14 01:23:00+00', NULL, 162, NULL, NULL, NULL, NULL, NULL, 'CASH', 'PAID', NULL);
INSERT INTO public.payment (amount, penalty_amount, created_at, id, paid_at, processed_by_staff_id, session_id, voided_at, description, gateway_ref, gateway_response_code, gateway_txn_no, method, status, void_reason) VALUES (30000.00, 0.00, '2026-06-14 11:38:00+00', 163, '2026-06-14 11:38:00+00', NULL, 163, NULL, NULL, NULL, NULL, NULL, 'CASH', 'PAID', NULL);
INSERT INTO public.payment (amount, penalty_amount, created_at, id, paid_at, processed_by_staff_id, session_id, voided_at, description, gateway_ref, gateway_response_code, gateway_txn_no, method, status, void_reason) VALUES (45000.00, 0.00, '2026-06-14 11:07:00+00', 164, '2026-06-14 11:07:00+00', NULL, 164, NULL, NULL, NULL, NULL, NULL, 'ONLINE', 'PAID', NULL);
INSERT INTO public.payment (amount, penalty_amount, created_at, id, paid_at, processed_by_staff_id, session_id, voided_at, description, gateway_ref, gateway_response_code, gateway_txn_no, method, status, void_reason) VALUES (90000.00, 0.00, '2026-06-14 13:52:00+00', 165, '2026-06-14 13:52:00+00', NULL, 165, NULL, NULL, NULL, NULL, NULL, 'ONLINE', 'PAID', NULL);
INSERT INTO public.payment (amount, penalty_amount, created_at, id, paid_at, processed_by_staff_id, session_id, voided_at, description, gateway_ref, gateway_response_code, gateway_txn_no, method, status, void_reason) VALUES (50000.00, 0.00, '2026-06-14 21:44:00+00', 166, '2026-06-14 21:44:00+00', NULL, 166, NULL, NULL, NULL, NULL, NULL, 'CASH', 'PAID', NULL);
INSERT INTO public.payment (amount, penalty_amount, created_at, id, paid_at, processed_by_staff_id, session_id, voided_at, description, gateway_ref, gateway_response_code, gateway_txn_no, method, status, void_reason) VALUES (20000.00, 0.00, '2026-06-14 19:42:00+00', 167, '2026-06-14 19:42:00+00', NULL, 167, NULL, NULL, NULL, NULL, NULL, 'ONLINE', 'PAID', NULL);
INSERT INTO public.payment (amount, penalty_amount, created_at, id, paid_at, processed_by_staff_id, session_id, voided_at, description, gateway_ref, gateway_response_code, gateway_txn_no, method, status, void_reason) VALUES (60000.00, 0.00, '2026-06-14 21:51:00+00', 168, '2026-06-14 21:51:00+00', NULL, 168, NULL, NULL, NULL, NULL, NULL, 'ONLINE', 'PAID', NULL);
INSERT INTO public.payment (amount, penalty_amount, created_at, id, paid_at, processed_by_staff_id, session_id, voided_at, description, gateway_ref, gateway_response_code, gateway_txn_no, method, status, void_reason) VALUES (50000.00, 0.00, '2026-06-14 13:03:00+00', 169, '2026-06-14 13:03:00+00', NULL, 169, NULL, NULL, NULL, NULL, NULL, 'VNPAY', 'PAID', NULL);
INSERT INTO public.payment (amount, penalty_amount, created_at, id, paid_at, processed_by_staff_id, session_id, voided_at, description, gateway_ref, gateway_response_code, gateway_txn_no, method, status, void_reason) VALUES (30000.00, 0.00, '2026-06-14 19:15:00+00', 170, '2026-06-14 19:15:00+00', NULL, 170, NULL, NULL, NULL, NULL, NULL, 'VNPAY', 'PAID', NULL);
INSERT INTO public.payment (amount, penalty_amount, created_at, id, paid_at, processed_by_staff_id, session_id, voided_at, description, gateway_ref, gateway_response_code, gateway_txn_no, method, status, void_reason) VALUES (20000.00, 0.00, '2026-06-14 17:27:00+00', 171, '2026-06-14 17:27:00+00', NULL, 171, NULL, NULL, NULL, NULL, NULL, 'CASH', 'PAID', NULL);
INSERT INTO public.payment (amount, penalty_amount, created_at, id, paid_at, processed_by_staff_id, session_id, voided_at, description, gateway_ref, gateway_response_code, gateway_txn_no, method, status, void_reason) VALUES (75000.00, 0.00, '2026-06-14 22:44:00+00', 172, '2026-06-14 22:44:00+00', NULL, 172, NULL, NULL, NULL, NULL, NULL, 'CASH', 'PAID', NULL);
INSERT INTO public.payment (amount, penalty_amount, created_at, id, paid_at, processed_by_staff_id, session_id, voided_at, description, gateway_ref, gateway_response_code, gateway_txn_no, method, status, void_reason) VALUES (10000.00, 0.00, '2026-06-14 10:17:00+00', 173, '2026-06-14 10:17:00+00', NULL, 173, NULL, NULL, NULL, NULL, NULL, 'CASH', 'PAID', NULL);
INSERT INTO public.payment (amount, penalty_amount, created_at, id, paid_at, processed_by_staff_id, session_id, voided_at, description, gateway_ref, gateway_response_code, gateway_txn_no, method, status, void_reason) VALUES (40000.00, 0.00, '2026-06-14 22:02:00+00', 174, '2026-06-14 22:02:00+00', NULL, 174, NULL, NULL, NULL, NULL, NULL, 'VNPAY', 'PAID', NULL);
INSERT INTO public.payment (amount, penalty_amount, created_at, id, paid_at, processed_by_staff_id, session_id, voided_at, description, gateway_ref, gateway_response_code, gateway_txn_no, method, status, void_reason) VALUES (40000.00, 0.00, '2026-06-14 16:25:00+00', 175, '2026-06-14 16:25:00+00', NULL, 175, NULL, NULL, NULL, NULL, NULL, 'CASH', 'PAID', NULL);
INSERT INTO public.payment (amount, penalty_amount, created_at, id, paid_at, processed_by_staff_id, session_id, voided_at, description, gateway_ref, gateway_response_code, gateway_txn_no, method, status, void_reason) VALUES (45000.00, 0.00, '2026-06-14 11:52:00+00', 176, '2026-06-14 11:52:00+00', NULL, 176, NULL, NULL, NULL, NULL, NULL, 'ONLINE', 'PAID', NULL);
INSERT INTO public.payment (amount, penalty_amount, created_at, id, paid_at, processed_by_staff_id, session_id, voided_at, description, gateway_ref, gateway_response_code, gateway_txn_no, method, status, void_reason) VALUES (30000.00, 0.00, '2026-06-15 19:51:00+00', 177, '2026-06-15 19:51:00+00', NULL, 177, NULL, NULL, NULL, NULL, NULL, 'ONLINE', 'PAID', NULL);
INSERT INTO public.payment (amount, penalty_amount, created_at, id, paid_at, processed_by_staff_id, session_id, voided_at, description, gateway_ref, gateway_response_code, gateway_txn_no, method, status, void_reason) VALUES (10000.00, 0.00, '2026-06-15 15:55:00+00', 178, '2026-06-15 15:55:00+00', NULL, 178, NULL, NULL, NULL, NULL, NULL, 'ONLINE', 'PAID', NULL);
INSERT INTO public.payment (amount, penalty_amount, created_at, id, paid_at, processed_by_staff_id, session_id, voided_at, description, gateway_ref, gateway_response_code, gateway_txn_no, method, status, void_reason) VALUES (45000.00, 0.00, '2026-06-15 11:10:00+00', 179, '2026-06-15 11:10:00+00', NULL, 179, NULL, NULL, NULL, NULL, NULL, 'CASH', 'PAID', NULL);
INSERT INTO public.payment (amount, penalty_amount, created_at, id, paid_at, processed_by_staff_id, session_id, voided_at, description, gateway_ref, gateway_response_code, gateway_txn_no, method, status, void_reason) VALUES (45000.00, 0.00, '2026-06-15 14:30:00+00', 180, '2026-06-15 14:30:00+00', NULL, 180, NULL, NULL, NULL, NULL, NULL, 'VNPAY', 'PAID', NULL);
INSERT INTO public.payment (amount, penalty_amount, created_at, id, paid_at, processed_by_staff_id, session_id, voided_at, description, gateway_ref, gateway_response_code, gateway_txn_no, method, status, void_reason) VALUES (25000.00, 0.00, '2026-06-15 13:34:00+00', 181, '2026-06-15 13:34:00+00', NULL, 181, NULL, NULL, NULL, NULL, NULL, 'ONLINE', 'PAID', NULL);
INSERT INTO public.payment (amount, penalty_amount, created_at, id, paid_at, processed_by_staff_id, session_id, voided_at, description, gateway_ref, gateway_response_code, gateway_txn_no, method, status, void_reason) VALUES (75000.00, 0.00, '2026-06-15 23:26:00+00', 182, '2026-06-15 23:26:00+00', NULL, 182, NULL, NULL, NULL, NULL, NULL, 'CASH', 'PAID', NULL);
INSERT INTO public.payment (amount, penalty_amount, created_at, id, paid_at, processed_by_staff_id, session_id, voided_at, description, gateway_ref, gateway_response_code, gateway_txn_no, method, status, void_reason) VALUES (20000.00, 0.00, '2026-06-15 09:09:00+00', 183, '2026-06-15 09:09:00+00', NULL, 183, NULL, NULL, NULL, NULL, NULL, 'ONLINE', 'PAID', NULL);
INSERT INTO public.payment (amount, penalty_amount, created_at, id, paid_at, processed_by_staff_id, session_id, voided_at, description, gateway_ref, gateway_response_code, gateway_txn_no, method, status, void_reason) VALUES (20000.00, 0.00, '2026-06-15 21:28:00+00', 184, '2026-06-15 21:28:00+00', NULL, 184, NULL, NULL, NULL, NULL, NULL, 'CASH', 'PAID', NULL);
INSERT INTO public.payment (amount, penalty_amount, created_at, id, paid_at, processed_by_staff_id, session_id, voided_at, description, gateway_ref, gateway_response_code, gateway_txn_no, method, status, void_reason) VALUES (40000.00, 0.00, '2026-06-15 11:13:00+00', 185, '2026-06-15 11:13:00+00', NULL, 185, NULL, NULL, NULL, NULL, NULL, 'VNPAY', 'PAID', NULL);
INSERT INTO public.payment (amount, penalty_amount, created_at, id, paid_at, processed_by_staff_id, session_id, voided_at, description, gateway_ref, gateway_response_code, gateway_txn_no, method, status, void_reason) VALUES (20000.00, 0.00, '2026-06-15 11:09:00+00', 186, '2026-06-15 11:09:00+00', NULL, 186, NULL, NULL, NULL, NULL, NULL, 'CASH', 'PAID', NULL);
INSERT INTO public.payment (amount, penalty_amount, created_at, id, paid_at, processed_by_staff_id, session_id, voided_at, description, gateway_ref, gateway_response_code, gateway_txn_no, method, status, void_reason) VALUES (40000.00, 0.00, '2026-06-15 13:00:00+00', 187, '2026-06-15 13:00:00+00', NULL, 187, NULL, NULL, NULL, NULL, NULL, 'VNPAY', 'PAID', NULL);
INSERT INTO public.payment (amount, penalty_amount, created_at, id, paid_at, processed_by_staff_id, session_id, voided_at, description, gateway_ref, gateway_response_code, gateway_txn_no, method, status, void_reason) VALUES (20000.00, 0.00, '2026-06-15 12:35:00+00', 188, '2026-06-15 12:35:00+00', NULL, 188, NULL, NULL, NULL, NULL, NULL, 'VNPAY', 'PAID', NULL);
INSERT INTO public.payment (amount, penalty_amount, created_at, id, paid_at, processed_by_staff_id, session_id, voided_at, description, gateway_ref, gateway_response_code, gateway_txn_no, method, status, void_reason) VALUES (30000.00, 0.00, '2026-06-16 19:56:00+00', 189, '2026-06-16 19:56:00+00', NULL, 189, NULL, NULL, NULL, NULL, NULL, 'ONLINE', 'PAID', NULL);
INSERT INTO public.payment (amount, penalty_amount, created_at, id, paid_at, processed_by_staff_id, session_id, voided_at, description, gateway_ref, gateway_response_code, gateway_txn_no, method, status, void_reason) VALUES (45000.00, 0.00, '2026-06-16 11:08:00+00', 190, '2026-06-16 11:08:00+00', NULL, 190, NULL, NULL, NULL, NULL, NULL, 'ONLINE', 'PAID', NULL);
INSERT INTO public.payment (amount, penalty_amount, created_at, id, paid_at, processed_by_staff_id, session_id, voided_at, description, gateway_ref, gateway_response_code, gateway_txn_no, method, status, void_reason) VALUES (50000.00, 0.00, '2026-06-16 12:11:00+00', 191, '2026-06-16 12:11:00+00', NULL, 191, NULL, NULL, NULL, NULL, NULL, 'CASH', 'PAID', NULL);
INSERT INTO public.payment (amount, penalty_amount, created_at, id, paid_at, processed_by_staff_id, session_id, voided_at, description, gateway_ref, gateway_response_code, gateway_txn_no, method, status, void_reason) VALUES (20000.00, 0.00, '2026-06-16 23:51:00+00', 192, '2026-06-16 23:51:00+00', NULL, 192, NULL, NULL, NULL, NULL, NULL, 'ONLINE', 'PAID', NULL);
INSERT INTO public.payment (amount, penalty_amount, created_at, id, paid_at, processed_by_staff_id, session_id, voided_at, description, gateway_ref, gateway_response_code, gateway_txn_no, method, status, void_reason) VALUES (60000.00, 0.00, '2026-06-17 00:14:00+00', 193, '2026-06-17 00:14:00+00', NULL, 193, NULL, NULL, NULL, NULL, NULL, 'VNPAY', 'PAID', NULL);
INSERT INTO public.payment (amount, penalty_amount, created_at, id, paid_at, processed_by_staff_id, session_id, voided_at, description, gateway_ref, gateway_response_code, gateway_txn_no, method, status, void_reason) VALUES (15000.00, 0.00, '2026-06-16 10:51:00+00', 194, '2026-06-16 10:51:00+00', NULL, 194, NULL, NULL, NULL, NULL, NULL, 'ONLINE', 'PAID', NULL);
INSERT INTO public.payment (amount, penalty_amount, created_at, id, paid_at, processed_by_staff_id, session_id, voided_at, description, gateway_ref, gateway_response_code, gateway_txn_no, method, status, void_reason) VALUES (30000.00, 0.00, '2026-06-16 20:17:00+00', 195, '2026-06-16 20:17:00+00', NULL, 195, NULL, NULL, NULL, NULL, NULL, 'CASH', 'PAID', NULL);
INSERT INTO public.payment (amount, penalty_amount, created_at, id, paid_at, processed_by_staff_id, session_id, voided_at, description, gateway_ref, gateway_response_code, gateway_txn_no, method, status, void_reason) VALUES (20000.00, 0.00, '2026-06-16 10:12:00+00', 196, '2026-06-16 10:12:00+00', NULL, 196, NULL, NULL, NULL, NULL, NULL, 'VNPAY', 'PAID', NULL);
INSERT INTO public.payment (amount, penalty_amount, created_at, id, paid_at, processed_by_staff_id, session_id, voided_at, description, gateway_ref, gateway_response_code, gateway_txn_no, method, status, void_reason) VALUES (10000.00, 0.00, '2026-06-16 18:41:00+00', 197, '2026-06-16 18:41:00+00', NULL, 197, NULL, NULL, NULL, NULL, NULL, 'CASH', 'PAID', NULL);
INSERT INTO public.payment (amount, penalty_amount, created_at, id, paid_at, processed_by_staff_id, session_id, voided_at, description, gateway_ref, gateway_response_code, gateway_txn_no, method, status, void_reason) VALUES (30000.00, 0.00, '2026-06-17 18:35:00+00', 198, '2026-06-17 18:35:00+00', NULL, 198, NULL, NULL, NULL, NULL, NULL, 'VNPAY', 'PAID', NULL);
INSERT INTO public.payment (amount, penalty_amount, created_at, id, paid_at, processed_by_staff_id, session_id, voided_at, description, gateway_ref, gateway_response_code, gateway_txn_no, method, status, void_reason) VALUES (10000.00, 0.00, '2026-06-17 10:14:00+00', 199, '2026-06-17 10:14:00+00', NULL, 199, NULL, NULL, NULL, NULL, NULL, 'CASH', 'PAID', NULL);
INSERT INTO public.payment (amount, penalty_amount, created_at, id, paid_at, processed_by_staff_id, session_id, voided_at, description, gateway_ref, gateway_response_code, gateway_txn_no, method, status, void_reason) VALUES (20000.00, 0.00, '2026-06-17 10:14:00+00', 200, '2026-06-17 10:14:00+00', NULL, 200, NULL, NULL, NULL, NULL, NULL, 'ONLINE', 'PAID', NULL);
INSERT INTO public.payment (amount, penalty_amount, created_at, id, paid_at, processed_by_staff_id, session_id, voided_at, description, gateway_ref, gateway_response_code, gateway_txn_no, method, status, void_reason) VALUES (30000.00, 0.00, '2026-06-17 10:47:00+00', 201, '2026-06-17 10:47:00+00', NULL, 201, NULL, NULL, NULL, NULL, NULL, 'ONLINE', 'PAID', NULL);
INSERT INTO public.payment (amount, penalty_amount, created_at, id, paid_at, processed_by_staff_id, session_id, voided_at, description, gateway_ref, gateway_response_code, gateway_txn_no, method, status, void_reason) VALUES (15000.00, 0.00, '2026-06-17 10:57:00+00', 202, '2026-06-17 10:57:00+00', NULL, 202, NULL, NULL, NULL, NULL, NULL, 'VNPAY', 'PAID', NULL);
INSERT INTO public.payment (amount, penalty_amount, created_at, id, paid_at, processed_by_staff_id, session_id, voided_at, description, gateway_ref, gateway_response_code, gateway_txn_no, method, status, void_reason) VALUES (60000.00, 0.00, '2026-06-17 17:38:00+00', 203, '2026-06-17 17:38:00+00', NULL, 203, NULL, NULL, NULL, NULL, NULL, 'CASH', 'PAID', NULL);
INSERT INTO public.payment (amount, penalty_amount, created_at, id, paid_at, processed_by_staff_id, session_id, voided_at, description, gateway_ref, gateway_response_code, gateway_txn_no, method, status, void_reason) VALUES (20000.00, 0.00, '2026-06-17 11:36:00+00', 204, '2026-06-17 11:36:00+00', NULL, 204, NULL, NULL, NULL, NULL, NULL, 'CASH', 'PAID', NULL);
INSERT INTO public.payment (amount, penalty_amount, created_at, id, paid_at, processed_by_staff_id, session_id, voided_at, description, gateway_ref, gateway_response_code, gateway_txn_no, method, status, void_reason) VALUES (30000.00, 0.00, '2026-06-17 19:54:00+00', 205, '2026-06-17 19:54:00+00', NULL, 205, NULL, NULL, NULL, NULL, NULL, 'VNPAY', 'PAID', NULL);
INSERT INTO public.payment (amount, penalty_amount, created_at, id, paid_at, processed_by_staff_id, session_id, voided_at, description, gateway_ref, gateway_response_code, gateway_txn_no, method, status, void_reason) VALUES (15000.00, 0.00, '2026-06-17 20:51:00+00', 206, '2026-06-17 20:51:00+00', NULL, 206, NULL, NULL, NULL, NULL, NULL, 'VNPAY', 'PAID', NULL);
INSERT INTO public.payment (amount, penalty_amount, created_at, id, paid_at, processed_by_staff_id, session_id, voided_at, description, gateway_ref, gateway_response_code, gateway_txn_no, method, status, void_reason) VALUES (60000.00, 0.00, '2026-06-17 15:00:00+00', 207, '2026-06-17 15:00:00+00', NULL, 207, NULL, NULL, NULL, NULL, NULL, 'VNPAY', 'PAID', NULL);
INSERT INTO public.payment (amount, penalty_amount, created_at, id, paid_at, processed_by_staff_id, session_id, voided_at, description, gateway_ref, gateway_response_code, gateway_txn_no, method, status, void_reason) VALUES (90000.00, 0.00, '2026-06-17 23:21:00+00', 208, '2026-06-17 23:21:00+00', NULL, 208, NULL, NULL, NULL, NULL, NULL, 'ONLINE', 'PAID', NULL);
INSERT INTO public.payment (amount, penalty_amount, created_at, id, paid_at, processed_by_staff_id, session_id, voided_at, description, gateway_ref, gateway_response_code, gateway_txn_no, method, status, void_reason) VALUES (10000.00, 0.00, '2026-06-17 19:50:00+00', 209, '2026-06-17 19:50:00+00', NULL, 209, NULL, NULL, NULL, NULL, NULL, 'VNPAY', 'PAID', NULL);
INSERT INTO public.payment (amount, penalty_amount, created_at, id, paid_at, processed_by_staff_id, session_id, voided_at, description, gateway_ref, gateway_response_code, gateway_txn_no, method, status, void_reason) VALUES (30000.00, 0.00, '2026-06-17 12:23:00+00', 210, '2026-06-17 12:23:00+00', NULL, 210, NULL, NULL, NULL, NULL, NULL, 'CASH', 'PAID', NULL);
INSERT INTO public.payment (amount, penalty_amount, created_at, id, paid_at, processed_by_staff_id, session_id, voided_at, description, gateway_ref, gateway_response_code, gateway_txn_no, method, status, void_reason) VALUES (25000.00, 0.00, '2026-06-17 21:20:00+00', 211, '2026-06-17 21:20:00+00', NULL, 211, NULL, NULL, NULL, NULL, NULL, 'VNPAY', 'PAID', NULL);
INSERT INTO public.payment (amount, penalty_amount, created_at, id, paid_at, processed_by_staff_id, session_id, voided_at, description, gateway_ref, gateway_response_code, gateway_txn_no, method, status, void_reason) VALUES (10000.00, 0.00, '2026-06-18 09:44:00+00', 212, '2026-06-18 09:44:00+00', NULL, 212, NULL, NULL, NULL, NULL, NULL, 'CASH', 'PAID', NULL);
INSERT INTO public.payment (amount, penalty_amount, created_at, id, paid_at, processed_by_staff_id, session_id, voided_at, description, gateway_ref, gateway_response_code, gateway_txn_no, method, status, void_reason) VALUES (40000.00, 0.00, '2026-06-18 21:32:00+00', 213, '2026-06-18 21:32:00+00', NULL, 213, NULL, NULL, NULL, NULL, NULL, 'ONLINE', 'PAID', NULL);
INSERT INTO public.payment (amount, penalty_amount, created_at, id, paid_at, processed_by_staff_id, session_id, voided_at, description, gateway_ref, gateway_response_code, gateway_txn_no, method, status, void_reason) VALUES (20000.00, 0.00, '2026-06-18 17:32:00+00', 214, '2026-06-18 17:32:00+00', NULL, 214, NULL, NULL, NULL, NULL, NULL, 'ONLINE', 'PAID', NULL);
INSERT INTO public.payment (amount, penalty_amount, created_at, id, paid_at, processed_by_staff_id, session_id, voided_at, description, gateway_ref, gateway_response_code, gateway_txn_no, method, status, void_reason) VALUES (30000.00, 0.00, '2026-06-18 19:45:00+00', 215, '2026-06-18 19:45:00+00', NULL, 215, NULL, NULL, NULL, NULL, NULL, 'CASH', 'PAID', NULL);
INSERT INTO public.payment (amount, penalty_amount, created_at, id, paid_at, processed_by_staff_id, session_id, voided_at, description, gateway_ref, gateway_response_code, gateway_txn_no, method, status, void_reason) VALUES (30000.00, 0.00, '2026-06-18 22:52:00+00', 216, '2026-06-18 22:52:00+00', NULL, 216, NULL, NULL, NULL, NULL, NULL, 'CASH', 'PAID', NULL);
INSERT INTO public.payment (amount, penalty_amount, created_at, id, paid_at, processed_by_staff_id, session_id, voided_at, description, gateway_ref, gateway_response_code, gateway_txn_no, method, status, void_reason) VALUES (60000.00, 0.00, '2026-06-18 11:49:00+00', 217, '2026-06-18 11:49:00+00', NULL, 217, NULL, NULL, NULL, NULL, NULL, 'ONLINE', 'PAID', NULL);
INSERT INTO public.payment (amount, penalty_amount, created_at, id, paid_at, processed_by_staff_id, session_id, voided_at, description, gateway_ref, gateway_response_code, gateway_txn_no, method, status, void_reason) VALUES (15000.00, 0.00, '2026-06-18 08:32:00+00', 218, '2026-06-18 08:32:00+00', NULL, 218, NULL, NULL, NULL, NULL, NULL, 'VNPAY', 'PAID', NULL);
INSERT INTO public.payment (amount, penalty_amount, created_at, id, paid_at, processed_by_staff_id, session_id, voided_at, description, gateway_ref, gateway_response_code, gateway_txn_no, method, status, void_reason) VALUES (90000.00, 0.00, '2026-06-18 14:10:00+00', 219, '2026-06-18 14:10:00+00', NULL, 219, NULL, NULL, NULL, NULL, NULL, 'VNPAY', 'PAID', NULL);
INSERT INTO public.payment (amount, penalty_amount, created_at, id, paid_at, processed_by_staff_id, session_id, voided_at, description, gateway_ref, gateway_response_code, gateway_txn_no, method, status, void_reason) VALUES (60000.00, 0.00, '2026-06-18 18:18:00+00', 220, '2026-06-18 18:18:00+00', NULL, 220, NULL, NULL, NULL, NULL, NULL, 'VNPAY', 'PAID', NULL);
INSERT INTO public.payment (amount, penalty_amount, created_at, id, paid_at, processed_by_staff_id, session_id, voided_at, description, gateway_ref, gateway_response_code, gateway_txn_no, method, status, void_reason) VALUES (50000.00, 0.00, '2026-06-19 00:32:00+00', 221, '2026-06-19 00:32:00+00', NULL, 221, NULL, NULL, NULL, NULL, NULL, 'ONLINE', 'PAID', NULL);
INSERT INTO public.payment (amount, penalty_amount, created_at, id, paid_at, processed_by_staff_id, session_id, voided_at, description, gateway_ref, gateway_response_code, gateway_txn_no, method, status, void_reason) VALUES (30000.00, 0.00, '2026-06-18 10:12:00+00', 222, '2026-06-18 10:12:00+00', NULL, 222, NULL, NULL, NULL, NULL, NULL, 'CASH', 'PAID', NULL);
INSERT INTO public.payment (amount, penalty_amount, created_at, id, paid_at, processed_by_staff_id, session_id, voided_at, description, gateway_ref, gateway_response_code, gateway_txn_no, method, status, void_reason) VALUES (30000.00, 0.00, '2026-06-18 13:54:00+00', 223, '2026-06-18 13:54:00+00', NULL, 223, NULL, NULL, NULL, NULL, NULL, 'VNPAY', 'PAID', NULL);
INSERT INTO public.payment (amount, penalty_amount, created_at, id, paid_at, processed_by_staff_id, session_id, voided_at, description, gateway_ref, gateway_response_code, gateway_txn_no, method, status, void_reason) VALUES (45000.00, 0.00, '2026-06-19 10:11:00+00', 224, '2026-06-19 10:11:00+00', NULL, 224, NULL, NULL, NULL, NULL, NULL, 'ONLINE', 'PAID', NULL);
INSERT INTO public.payment (amount, penalty_amount, created_at, id, paid_at, processed_by_staff_id, session_id, voided_at, description, gateway_ref, gateway_response_code, gateway_txn_no, method, status, void_reason) VALUES (50000.00, 0.00, '2026-06-19 22:09:00+00', 225, '2026-06-19 22:09:00+00', NULL, 225, NULL, NULL, NULL, NULL, NULL, 'CASH', 'PAID', NULL);
INSERT INTO public.payment (amount, penalty_amount, created_at, id, paid_at, processed_by_staff_id, session_id, voided_at, description, gateway_ref, gateway_response_code, gateway_txn_no, method, status, void_reason) VALUES (5000.00, 0.00, '2026-06-19 13:28:00+00', 226, '2026-06-19 13:28:00+00', NULL, 226, NULL, NULL, NULL, NULL, NULL, 'ONLINE', 'PAID', NULL);
INSERT INTO public.payment (amount, penalty_amount, created_at, id, paid_at, processed_by_staff_id, session_id, voided_at, description, gateway_ref, gateway_response_code, gateway_txn_no, method, status, void_reason) VALUES (75000.00, 0.00, '2026-06-20 01:23:00+00', 227, '2026-06-20 01:23:00+00', NULL, 227, NULL, NULL, NULL, NULL, NULL, 'CASH', 'PAID', NULL);
INSERT INTO public.payment (amount, penalty_amount, created_at, id, paid_at, processed_by_staff_id, session_id, voided_at, description, gateway_ref, gateway_response_code, gateway_txn_no, method, status, void_reason) VALUES (45000.00, 0.00, '2026-06-19 14:48:00+00', 228, '2026-06-19 14:48:00+00', NULL, 228, NULL, NULL, NULL, NULL, NULL, 'ONLINE', 'PAID', NULL);
INSERT INTO public.payment (amount, penalty_amount, created_at, id, paid_at, processed_by_staff_id, session_id, voided_at, description, gateway_ref, gateway_response_code, gateway_txn_no, method, status, void_reason) VALUES (20000.00, 0.00, '2026-06-19 08:58:00+00', 229, '2026-06-19 08:58:00+00', NULL, 229, NULL, NULL, NULL, NULL, NULL, 'CASH', 'PAID', NULL);
INSERT INTO public.payment (amount, penalty_amount, created_at, id, paid_at, processed_by_staff_id, session_id, voided_at, description, gateway_ref, gateway_response_code, gateway_txn_no, method, status, void_reason) VALUES (45000.00, 0.00, '2026-06-19 22:53:00+00', 230, '2026-06-19 22:53:00+00', NULL, 230, NULL, NULL, NULL, NULL, NULL, 'ONLINE', 'PAID', NULL);
INSERT INTO public.payment (amount, penalty_amount, created_at, id, paid_at, processed_by_staff_id, session_id, voided_at, description, gateway_ref, gateway_response_code, gateway_txn_no, method, status, void_reason) VALUES (20000.00, 0.00, '2026-06-19 10:09:00+00', 231, '2026-06-19 10:09:00+00', NULL, 231, NULL, NULL, NULL, NULL, NULL, 'VNPAY', 'PAID', NULL);
INSERT INTO public.payment (amount, penalty_amount, created_at, id, paid_at, processed_by_staff_id, session_id, voided_at, description, gateway_ref, gateway_response_code, gateway_txn_no, method, status, void_reason) VALUES (30000.00, 0.00, '2026-06-20 20:09:00+00', 232, '2026-06-20 20:09:00+00', NULL, 232, NULL, NULL, NULL, NULL, NULL, 'VNPAY', 'PAID', NULL);
INSERT INTO public.payment (amount, penalty_amount, created_at, id, paid_at, processed_by_staff_id, session_id, voided_at, description, gateway_ref, gateway_response_code, gateway_txn_no, method, status, void_reason) VALUES (20000.00, 0.00, '2026-06-20 23:25:00+00', 233, '2026-06-20 23:25:00+00', NULL, 233, NULL, NULL, NULL, NULL, NULL, 'VNPAY', 'PAID', NULL);
INSERT INTO public.payment (amount, penalty_amount, created_at, id, paid_at, processed_by_staff_id, session_id, voided_at, description, gateway_ref, gateway_response_code, gateway_txn_no, method, status, void_reason) VALUES (75000.00, 0.00, '2026-06-20 22:22:00+00', 234, '2026-06-20 22:22:00+00', NULL, 234, NULL, NULL, NULL, NULL, NULL, 'CASH', 'PAID', NULL);
INSERT INTO public.payment (amount, penalty_amount, created_at, id, paid_at, processed_by_staff_id, session_id, voided_at, description, gateway_ref, gateway_response_code, gateway_txn_no, method, status, void_reason) VALUES (20000.00, 0.00, '2026-06-20 21:48:00+00', 235, '2026-06-20 21:48:00+00', NULL, 235, NULL, NULL, NULL, NULL, NULL, 'ONLINE', 'PAID', NULL);
INSERT INTO public.payment (amount, penalty_amount, created_at, id, paid_at, processed_by_staff_id, session_id, voided_at, description, gateway_ref, gateway_response_code, gateway_txn_no, method, status, void_reason) VALUES (10000.00, 0.00, '2026-06-20 10:00:00+00', 236, '2026-06-20 10:00:00+00', NULL, 236, NULL, NULL, NULL, NULL, NULL, 'CASH', 'PAID', NULL);
INSERT INTO public.payment (amount, penalty_amount, created_at, id, paid_at, processed_by_staff_id, session_id, voided_at, description, gateway_ref, gateway_response_code, gateway_txn_no, method, status, void_reason) VALUES (60000.00, 0.00, '2026-06-21 00:39:00+00', 237, '2026-06-21 00:39:00+00', NULL, 237, NULL, NULL, NULL, NULL, NULL, 'ONLINE', 'PAID', NULL);
INSERT INTO public.payment (amount, penalty_amount, created_at, id, paid_at, processed_by_staff_id, session_id, voided_at, description, gateway_ref, gateway_response_code, gateway_txn_no, method, status, void_reason) VALUES (60000.00, 0.00, '2026-06-21 01:31:00+00', 238, '2026-06-21 01:31:00+00', NULL, 238, NULL, NULL, NULL, NULL, NULL, 'CASH', 'PAID', NULL);
INSERT INTO public.payment (amount, penalty_amount, created_at, id, paid_at, processed_by_staff_id, session_id, voided_at, description, gateway_ref, gateway_response_code, gateway_txn_no, method, status, void_reason) VALUES (10000.00, 0.00, '2026-06-20 10:04:00+00', 239, '2026-06-20 10:04:00+00', NULL, 239, NULL, NULL, NULL, NULL, NULL, 'CASH', 'PAID', NULL);
INSERT INTO public.payment (amount, penalty_amount, created_at, id, paid_at, processed_by_staff_id, session_id, voided_at, description, gateway_ref, gateway_response_code, gateway_txn_no, method, status, void_reason) VALUES (30000.00, 0.00, '2026-06-20 15:04:00+00', 240, '2026-06-20 15:04:00+00', NULL, 240, NULL, NULL, NULL, NULL, NULL, 'VNPAY', 'PAID', NULL);
INSERT INTO public.payment (amount, penalty_amount, created_at, id, paid_at, processed_by_staff_id, session_id, voided_at, description, gateway_ref, gateway_response_code, gateway_txn_no, method, status, void_reason) VALUES (20000.00, 0.00, '2026-06-20 12:55:00+00', 241, '2026-06-20 12:55:00+00', NULL, 241, NULL, NULL, NULL, NULL, NULL, 'CASH', 'PAID', NULL);
INSERT INTO public.payment (amount, penalty_amount, created_at, id, paid_at, processed_by_staff_id, session_id, voided_at, description, gateway_ref, gateway_response_code, gateway_txn_no, method, status, void_reason) VALUES (50000.00, 0.00, '2026-06-20 19:27:00+00', 242, '2026-06-20 19:27:00+00', NULL, 242, NULL, NULL, NULL, NULL, NULL, 'VNPAY', 'PAID', NULL);
INSERT INTO public.payment (amount, penalty_amount, created_at, id, paid_at, processed_by_staff_id, session_id, voided_at, description, gateway_ref, gateway_response_code, gateway_txn_no, method, status, void_reason) VALUES (60000.00, 0.00, '2026-06-20 12:53:00+00', 243, '2026-06-20 12:53:00+00', NULL, 243, NULL, NULL, NULL, NULL, NULL, 'VNPAY', 'PAID', NULL);
INSERT INTO public.payment (amount, penalty_amount, created_at, id, paid_at, processed_by_staff_id, session_id, voided_at, description, gateway_ref, gateway_response_code, gateway_txn_no, method, status, void_reason) VALUES (15000.00, 0.00, '2026-06-20 08:36:00+00', 244, '2026-06-20 08:36:00+00', NULL, 244, NULL, NULL, NULL, NULL, NULL, 'ONLINE', 'PAID', NULL);
INSERT INTO public.payment (amount, penalty_amount, created_at, id, paid_at, processed_by_staff_id, session_id, voided_at, description, gateway_ref, gateway_response_code, gateway_txn_no, method, status, void_reason) VALUES (25000.00, 0.00, '2026-06-20 13:10:00+00', 245, '2026-06-20 13:10:00+00', NULL, 245, NULL, NULL, NULL, NULL, NULL, 'VNPAY', 'PAID', NULL);
INSERT INTO public.payment (amount, penalty_amount, created_at, id, paid_at, processed_by_staff_id, session_id, voided_at, description, gateway_ref, gateway_response_code, gateway_txn_no, method, status, void_reason) VALUES (75000.00, 0.00, '2026-06-21 22:11:00+00', 246, '2026-06-21 22:11:00+00', NULL, 246, NULL, NULL, NULL, NULL, NULL, 'VNPAY', 'PAID', NULL);
INSERT INTO public.payment (amount, penalty_amount, created_at, id, paid_at, processed_by_staff_id, session_id, voided_at, description, gateway_ref, gateway_response_code, gateway_txn_no, method, status, void_reason) VALUES (15000.00, 0.00, '2026-06-21 14:51:00+00', 247, '2026-06-21 14:51:00+00', NULL, 247, NULL, NULL, NULL, NULL, NULL, 'ONLINE', 'PAID', NULL);
INSERT INTO public.payment (amount, penalty_amount, created_at, id, paid_at, processed_by_staff_id, session_id, voided_at, description, gateway_ref, gateway_response_code, gateway_txn_no, method, status, void_reason) VALUES (30000.00, 0.00, '2026-06-21 11:35:00+00', 248, '2026-06-21 11:35:00+00', NULL, 248, NULL, NULL, NULL, NULL, NULL, 'ONLINE', 'PAID', NULL);
INSERT INTO public.payment (amount, penalty_amount, created_at, id, paid_at, processed_by_staff_id, session_id, voided_at, description, gateway_ref, gateway_response_code, gateway_txn_no, method, status, void_reason) VALUES (20000.00, 0.00, '2026-06-21 12:49:00+00', 249, '2026-06-21 12:49:00+00', NULL, 249, NULL, NULL, NULL, NULL, NULL, 'VNPAY', 'PAID', NULL);
INSERT INTO public.payment (amount, penalty_amount, created_at, id, paid_at, processed_by_staff_id, session_id, voided_at, description, gateway_ref, gateway_response_code, gateway_txn_no, method, status, void_reason) VALUES (90000.00, 0.00, '2026-06-21 13:58:00+00', 250, '2026-06-21 13:58:00+00', NULL, 250, NULL, NULL, NULL, NULL, NULL, 'ONLINE', 'PAID', NULL);
INSERT INTO public.payment (amount, penalty_amount, created_at, id, paid_at, processed_by_staff_id, session_id, voided_at, description, gateway_ref, gateway_response_code, gateway_txn_no, method, status, void_reason) VALUES (15000.00, 0.00, '2026-06-21 10:44:00+00', 251, '2026-06-21 10:44:00+00', NULL, 251, NULL, NULL, NULL, NULL, NULL, 'CASH', 'PAID', NULL);
INSERT INTO public.payment (amount, penalty_amount, created_at, id, paid_at, processed_by_staff_id, session_id, voided_at, description, gateway_ref, gateway_response_code, gateway_txn_no, method, status, void_reason) VALUES (15000.00, 0.00, '2026-06-21 20:49:00+00', 252, '2026-06-21 20:49:00+00', NULL, 252, NULL, NULL, NULL, NULL, NULL, 'VNPAY', 'PAID', NULL);
INSERT INTO public.payment (amount, penalty_amount, created_at, id, paid_at, processed_by_staff_id, session_id, voided_at, description, gateway_ref, gateway_response_code, gateway_txn_no, method, status, void_reason) VALUES (60000.00, 0.00, '2026-06-21 23:45:00+00', 253, '2026-06-21 23:45:00+00', NULL, 253, NULL, NULL, NULL, NULL, NULL, 'CASH', 'PAID', NULL);
INSERT INTO public.payment (amount, penalty_amount, created_at, id, paid_at, processed_by_staff_id, session_id, voided_at, description, gateway_ref, gateway_response_code, gateway_txn_no, method, status, void_reason) VALUES (30000.00, 0.00, '2026-06-23 00:34:00+00', 254, '2026-06-23 00:34:00+00', NULL, 254, NULL, NULL, NULL, NULL, NULL, 'ONLINE', 'PAID', NULL);
INSERT INTO public.payment (amount, penalty_amount, created_at, id, paid_at, processed_by_staff_id, session_id, voided_at, description, gateway_ref, gateway_response_code, gateway_txn_no, method, status, void_reason) VALUES (20000.00, 0.00, '2026-06-22 12:01:00+00', 255, '2026-06-22 12:01:00+00', NULL, 255, NULL, NULL, NULL, NULL, NULL, 'VNPAY', 'PAID', NULL);
INSERT INTO public.payment (amount, penalty_amount, created_at, id, paid_at, processed_by_staff_id, session_id, voided_at, description, gateway_ref, gateway_response_code, gateway_txn_no, method, status, void_reason) VALUES (40000.00, 0.00, '2026-06-22 13:08:00+00', 256, '2026-06-22 13:08:00+00', NULL, 256, NULL, NULL, NULL, NULL, NULL, 'VNPAY', 'PAID', NULL);
INSERT INTO public.payment (amount, penalty_amount, created_at, id, paid_at, processed_by_staff_id, session_id, voided_at, description, gateway_ref, gateway_response_code, gateway_txn_no, method, status, void_reason) VALUES (30000.00, 0.00, '2026-06-23 00:38:00+00', 257, '2026-06-23 00:38:00+00', NULL, 257, NULL, NULL, NULL, NULL, NULL, 'CASH', 'PAID', NULL);
INSERT INTO public.payment (amount, penalty_amount, created_at, id, paid_at, processed_by_staff_id, session_id, voided_at, description, gateway_ref, gateway_response_code, gateway_txn_no, method, status, void_reason) VALUES (50000.00, 0.00, '2026-06-23 01:16:00+00', 258, '2026-06-23 01:16:00+00', NULL, 258, NULL, NULL, NULL, NULL, NULL, 'VNPAY', 'PAID', NULL);
INSERT INTO public.payment (amount, penalty_amount, created_at, id, paid_at, processed_by_staff_id, session_id, voided_at, description, gateway_ref, gateway_response_code, gateway_txn_no, method, status, void_reason) VALUES (30000.00, 0.00, '2026-06-22 10:02:00+00', 259, '2026-06-22 10:02:00+00', NULL, 259, NULL, NULL, NULL, NULL, NULL, 'ONLINE', 'PAID', NULL);
INSERT INTO public.payment (amount, penalty_amount, created_at, id, paid_at, processed_by_staff_id, session_id, voided_at, description, gateway_ref, gateway_response_code, gateway_txn_no, method, status, void_reason) VALUES (50000.00, 0.00, '2026-06-23 12:27:00+00', 260, '2026-06-23 12:27:00+00', NULL, 260, NULL, NULL, NULL, NULL, NULL, 'ONLINE', 'PAID', NULL);
INSERT INTO public.payment (amount, penalty_amount, created_at, id, paid_at, processed_by_staff_id, session_id, voided_at, description, gateway_ref, gateway_response_code, gateway_txn_no, method, status, void_reason) VALUES (40000.00, 0.00, '2026-06-23 12:12:00+00', 261, '2026-06-23 12:12:00+00', NULL, 261, NULL, NULL, NULL, NULL, NULL, 'VNPAY', 'PAID', NULL);
INSERT INTO public.payment (amount, penalty_amount, created_at, id, paid_at, processed_by_staff_id, session_id, voided_at, description, gateway_ref, gateway_response_code, gateway_txn_no, method, status, void_reason) VALUES (50000.00, 0.00, '2026-06-23 13:16:00+00', 262, '2026-06-23 13:16:00+00', NULL, 262, NULL, NULL, NULL, NULL, NULL, 'CASH', 'PAID', NULL);
INSERT INTO public.payment (amount, penalty_amount, created_at, id, paid_at, processed_by_staff_id, session_id, voided_at, description, gateway_ref, gateway_response_code, gateway_txn_no, method, status, void_reason) VALUES (30000.00, 0.00, '2026-06-23 11:13:00+00', 263, '2026-06-23 11:13:00+00', NULL, 263, NULL, NULL, NULL, NULL, NULL, 'ONLINE', 'PAID', NULL);
INSERT INTO public.payment (amount, penalty_amount, created_at, id, paid_at, processed_by_staff_id, session_id, voided_at, description, gateway_ref, gateway_response_code, gateway_txn_no, method, status, void_reason) VALUES (45000.00, 0.00, '2026-06-23 12:19:00+00', 264, '2026-06-23 12:19:00+00', NULL, 264, NULL, NULL, NULL, NULL, NULL, 'CASH', 'PAID', NULL);
INSERT INTO public.payment (amount, penalty_amount, created_at, id, paid_at, processed_by_staff_id, session_id, voided_at, description, gateway_ref, gateway_response_code, gateway_txn_no, method, status, void_reason) VALUES (60000.00, 0.00, '2026-06-23 21:52:00+00', 265, '2026-06-23 21:52:00+00', NULL, 265, NULL, NULL, NULL, NULL, NULL, 'CASH', 'PAID', NULL);
INSERT INTO public.payment (amount, penalty_amount, created_at, id, paid_at, processed_by_staff_id, session_id, voided_at, description, gateway_ref, gateway_response_code, gateway_txn_no, method, status, void_reason) VALUES (5000.00, 0.00, '2026-06-23 18:22:00+00', 266, '2026-06-23 18:22:00+00', NULL, 266, NULL, NULL, NULL, NULL, NULL, 'ONLINE', 'PAID', NULL);
INSERT INTO public.payment (amount, penalty_amount, created_at, id, paid_at, processed_by_staff_id, session_id, voided_at, description, gateway_ref, gateway_response_code, gateway_txn_no, method, status, void_reason) VALUES (30000.00, 0.00, '2026-06-23 19:43:00+00', 267, '2026-06-23 19:43:00+00', NULL, 267, NULL, NULL, NULL, NULL, NULL, 'CASH', 'PAID', NULL);
INSERT INTO public.payment (amount, penalty_amount, created_at, id, paid_at, processed_by_staff_id, session_id, voided_at, description, gateway_ref, gateway_response_code, gateway_txn_no, method, status, void_reason) VALUES (20000.00, 0.00, '2026-06-23 19:51:00+00', 268, '2026-06-23 19:51:00+00', NULL, 268, NULL, NULL, NULL, NULL, NULL, 'VNPAY', 'PAID', NULL);
INSERT INTO public.payment (amount, penalty_amount, created_at, id, paid_at, processed_by_staff_id, session_id, voided_at, description, gateway_ref, gateway_response_code, gateway_txn_no, method, status, void_reason) VALUES (75000.00, 0.00, '2026-06-23 12:02:00+00', 269, '2026-06-23 12:02:00+00', NULL, 269, NULL, NULL, NULL, NULL, NULL, 'VNPAY', 'PAID', NULL);
INSERT INTO public.payment (amount, penalty_amount, created_at, id, paid_at, processed_by_staff_id, session_id, voided_at, description, gateway_ref, gateway_response_code, gateway_txn_no, method, status, void_reason) VALUES (40000.00, 0.00, '2026-06-24 22:35:00+00', 270, '2026-06-24 22:35:00+00', NULL, 270, NULL, NULL, NULL, NULL, NULL, 'CASH', 'PAID', NULL);
INSERT INTO public.payment (amount, penalty_amount, created_at, id, paid_at, processed_by_staff_id, session_id, voided_at, description, gateway_ref, gateway_response_code, gateway_txn_no, method, status, void_reason) VALUES (60000.00, 0.00, '2026-06-24 12:23:00+00', 271, '2026-06-24 12:23:00+00', NULL, 271, NULL, NULL, NULL, NULL, NULL, 'VNPAY', 'PAID', NULL);
INSERT INTO public.payment (amount, penalty_amount, created_at, id, paid_at, processed_by_staff_id, session_id, voided_at, description, gateway_ref, gateway_response_code, gateway_txn_no, method, status, void_reason) VALUES (10000.00, 0.00, '2026-06-24 18:31:00+00', 272, '2026-06-24 18:31:00+00', NULL, 272, NULL, NULL, NULL, NULL, NULL, 'ONLINE', 'PAID', NULL);
INSERT INTO public.payment (amount, penalty_amount, created_at, id, paid_at, processed_by_staff_id, session_id, voided_at, description, gateway_ref, gateway_response_code, gateway_txn_no, method, status, void_reason) VALUES (20000.00, 0.00, '2026-06-24 11:34:00+00', 273, '2026-06-24 11:34:00+00', NULL, 273, NULL, NULL, NULL, NULL, NULL, 'CASH', 'PAID', NULL);
INSERT INTO public.payment (amount, penalty_amount, created_at, id, paid_at, processed_by_staff_id, session_id, voided_at, description, gateway_ref, gateway_response_code, gateway_txn_no, method, status, void_reason) VALUES (30000.00, 0.00, '2026-06-24 16:10:00+00', 274, '2026-06-24 16:10:00+00', NULL, 274, NULL, NULL, NULL, NULL, NULL, 'VNPAY', 'PAID', NULL);
INSERT INTO public.payment (amount, penalty_amount, created_at, id, paid_at, processed_by_staff_id, session_id, voided_at, description, gateway_ref, gateway_response_code, gateway_txn_no, method, status, void_reason) VALUES (30000.00, 0.00, '2026-06-24 23:39:00+00', 275, '2026-06-24 23:39:00+00', NULL, 275, NULL, NULL, NULL, NULL, NULL, 'VNPAY', 'PAID', NULL);
INSERT INTO public.payment (amount, penalty_amount, created_at, id, paid_at, processed_by_staff_id, session_id, voided_at, description, gateway_ref, gateway_response_code, gateway_txn_no, method, status, void_reason) VALUES (5000.00, 0.00, '2026-06-24 18:14:00+00', 276, '2026-06-24 18:14:00+00', NULL, 276, NULL, NULL, NULL, NULL, NULL, 'ONLINE', 'PAID', NULL);
INSERT INTO public.payment (amount, penalty_amount, created_at, id, paid_at, processed_by_staff_id, session_id, voided_at, description, gateway_ref, gateway_response_code, gateway_txn_no, method, status, void_reason) VALUES (50000.00, 0.00, '2026-06-24 22:25:00+00', 277, '2026-06-24 22:25:00+00', NULL, 277, NULL, NULL, NULL, NULL, NULL, 'CASH', 'PAID', NULL);
INSERT INTO public.payment (amount, penalty_amount, created_at, id, paid_at, processed_by_staff_id, session_id, voided_at, description, gateway_ref, gateway_response_code, gateway_txn_no, method, status, void_reason) VALUES (40000.00, 0.00, '2026-06-24 10:53:00+00', 278, '2026-06-24 10:53:00+00', NULL, 278, NULL, NULL, NULL, NULL, NULL, 'CASH', 'PAID', NULL);
INSERT INTO public.payment (amount, penalty_amount, created_at, id, paid_at, processed_by_staff_id, session_id, voided_at, description, gateway_ref, gateway_response_code, gateway_txn_no, method, status, void_reason) VALUES (30000.00, 0.00, '2026-06-24 18:28:00+00', 279, '2026-06-24 18:28:00+00', NULL, 279, NULL, NULL, NULL, NULL, NULL, 'CASH', 'PAID', NULL);
INSERT INTO public.payment (amount, penalty_amount, created_at, id, paid_at, processed_by_staff_id, session_id, voided_at, description, gateway_ref, gateway_response_code, gateway_txn_no, method, status, void_reason) VALUES (25000.00, 0.00, '2026-06-24 16:15:00+00', 280, '2026-06-24 16:15:00+00', NULL, 280, NULL, NULL, NULL, NULL, NULL, 'VNPAY', 'PAID', NULL);
INSERT INTO public.payment (amount, penalty_amount, created_at, id, paid_at, processed_by_staff_id, session_id, voided_at, description, gateway_ref, gateway_response_code, gateway_txn_no, method, status, void_reason) VALUES (40000.00, 0.00, '2026-06-24 22:03:00+00', 281, '2026-06-24 22:03:00+00', NULL, 281, NULL, NULL, NULL, NULL, NULL, 'CASH', 'PAID', NULL);
INSERT INTO public.payment (amount, penalty_amount, created_at, id, paid_at, processed_by_staff_id, session_id, voided_at, description, gateway_ref, gateway_response_code, gateway_txn_no, method, status, void_reason) VALUES (15000.00, 0.00, '2026-06-24 21:24:00+00', 282, '2026-06-24 21:24:00+00', NULL, 282, NULL, NULL, NULL, NULL, NULL, 'VNPAY', 'PAID', NULL);
INSERT INTO public.payment (amount, penalty_amount, created_at, id, paid_at, processed_by_staff_id, session_id, voided_at, description, gateway_ref, gateway_response_code, gateway_txn_no, method, status, void_reason) VALUES (60000.00, 0.00, '2026-06-24 15:48:00+00', 283, '2026-06-24 15:48:00+00', NULL, 283, NULL, NULL, NULL, NULL, NULL, 'ONLINE', 'PAID', NULL);
INSERT INTO public.payment (amount, penalty_amount, created_at, id, paid_at, processed_by_staff_id, session_id, voided_at, description, gateway_ref, gateway_response_code, gateway_txn_no, method, status, void_reason) VALUES (30000.00, 0.00, '2026-06-24 19:23:00+00', 284, '2026-06-24 19:23:00+00', NULL, 284, NULL, NULL, NULL, NULL, NULL, 'ONLINE', 'PAID', NULL);
INSERT INTO public.payment (amount, penalty_amount, created_at, id, paid_at, processed_by_staff_id, session_id, voided_at, description, gateway_ref, gateway_response_code, gateway_txn_no, method, status, void_reason) VALUES (5000.00, 0.00, '2026-06-25 09:40:00+00', 285, '2026-06-25 09:40:00+00', NULL, 285, NULL, NULL, NULL, NULL, NULL, 'CASH', 'PAID', NULL);
INSERT INTO public.payment (amount, penalty_amount, created_at, id, paid_at, processed_by_staff_id, session_id, voided_at, description, gateway_ref, gateway_response_code, gateway_txn_no, method, status, void_reason) VALUES (15000.00, 0.00, '2026-06-25 13:09:00+00', 286, '2026-06-25 13:09:00+00', NULL, 286, NULL, NULL, NULL, NULL, NULL, 'CASH', 'PAID', NULL);
INSERT INTO public.payment (amount, penalty_amount, created_at, id, paid_at, processed_by_staff_id, session_id, voided_at, description, gateway_ref, gateway_response_code, gateway_txn_no, method, status, void_reason) VALUES (15000.00, 0.00, '2026-06-25 22:57:00+00', 287, '2026-06-25 22:57:00+00', NULL, 287, NULL, NULL, NULL, NULL, NULL, 'CASH', 'PAID', NULL);
INSERT INTO public.payment (amount, penalty_amount, created_at, id, paid_at, processed_by_staff_id, session_id, voided_at, description, gateway_ref, gateway_response_code, gateway_txn_no, method, status, void_reason) VALUES (20000.00, 0.00, '2026-06-26 00:41:00+00', 288, '2026-06-26 00:41:00+00', NULL, 288, NULL, NULL, NULL, NULL, NULL, 'CASH', 'PAID', NULL);
INSERT INTO public.payment (amount, penalty_amount, created_at, id, paid_at, processed_by_staff_id, session_id, voided_at, description, gateway_ref, gateway_response_code, gateway_txn_no, method, status, void_reason) VALUES (40000.00, 0.00, '2026-06-25 16:08:00+00', 289, '2026-06-25 16:08:00+00', NULL, 289, NULL, NULL, NULL, NULL, NULL, 'ONLINE', 'PAID', NULL);
INSERT INTO public.payment (amount, penalty_amount, created_at, id, paid_at, processed_by_staff_id, session_id, voided_at, description, gateway_ref, gateway_response_code, gateway_txn_no, method, status, void_reason) VALUES (45000.00, 0.00, '2026-06-25 10:54:00+00', 290, '2026-06-25 10:54:00+00', NULL, 290, NULL, NULL, NULL, NULL, NULL, 'ONLINE', 'PAID', NULL);
INSERT INTO public.payment (amount, penalty_amount, created_at, id, paid_at, processed_by_staff_id, session_id, voided_at, description, gateway_ref, gateway_response_code, gateway_txn_no, method, status, void_reason) VALUES (60000.00, 0.00, '2026-06-25 10:57:00+00', 291, '2026-06-25 10:57:00+00', NULL, 291, NULL, NULL, NULL, NULL, NULL, 'CASH', 'PAID', NULL);
INSERT INTO public.payment (amount, penalty_amount, created_at, id, paid_at, processed_by_staff_id, session_id, voided_at, description, gateway_ref, gateway_response_code, gateway_txn_no, method, status, void_reason) VALUES (10000.00, 0.00, '2026-06-25 19:41:00+00', 292, '2026-06-25 19:41:00+00', NULL, 292, NULL, NULL, NULL, NULL, NULL, 'ONLINE', 'PAID', NULL);
INSERT INTO public.payment (amount, penalty_amount, created_at, id, paid_at, processed_by_staff_id, session_id, voided_at, description, gateway_ref, gateway_response_code, gateway_txn_no, method, status, void_reason) VALUES (20000.00, 0.00, '2026-06-25 10:33:00+00', 293, '2026-06-25 10:33:00+00', NULL, 293, NULL, NULL, NULL, NULL, NULL, 'VNPAY', 'PAID', NULL);
INSERT INTO public.payment (amount, penalty_amount, created_at, id, paid_at, processed_by_staff_id, session_id, voided_at, description, gateway_ref, gateway_response_code, gateway_txn_no, method, status, void_reason) VALUES (50000.00, 0.00, '2026-06-26 19:01:00+00', 294, '2026-06-26 19:01:00+00', NULL, 294, NULL, NULL, NULL, NULL, NULL, 'VNPAY', 'PAID', NULL);
INSERT INTO public.payment (amount, penalty_amount, created_at, id, paid_at, processed_by_staff_id, session_id, voided_at, description, gateway_ref, gateway_response_code, gateway_txn_no, method, status, void_reason) VALUES (90000.00, 0.00, '2026-06-26 23:26:00+00', 295, '2026-06-26 23:26:00+00', NULL, 295, NULL, NULL, NULL, NULL, NULL, 'VNPAY', 'PAID', NULL);
INSERT INTO public.payment (amount, penalty_amount, created_at, id, paid_at, processed_by_staff_id, session_id, voided_at, description, gateway_ref, gateway_response_code, gateway_txn_no, method, status, void_reason) VALUES (20000.00, 0.00, '2026-06-26 11:28:00+00', 296, '2026-06-26 11:28:00+00', NULL, 296, NULL, NULL, NULL, NULL, NULL, 'CASH', 'PAID', NULL);
INSERT INTO public.payment (amount, penalty_amount, created_at, id, paid_at, processed_by_staff_id, session_id, voided_at, description, gateway_ref, gateway_response_code, gateway_txn_no, method, status, void_reason) VALUES (10000.00, 0.00, '2026-06-26 20:52:00+00', 297, '2026-06-26 20:52:00+00', NULL, 297, NULL, NULL, NULL, NULL, NULL, 'CASH', 'PAID', NULL);
INSERT INTO public.payment (amount, penalty_amount, created_at, id, paid_at, processed_by_staff_id, session_id, voided_at, description, gateway_ref, gateway_response_code, gateway_txn_no, method, status, void_reason) VALUES (20000.00, 0.00, '2026-06-26 21:20:00+00', 298, '2026-06-26 21:20:00+00', NULL, 298, NULL, NULL, NULL, NULL, NULL, 'CASH', 'PAID', NULL);
INSERT INTO public.payment (amount, penalty_amount, created_at, id, paid_at, processed_by_staff_id, session_id, voided_at, description, gateway_ref, gateway_response_code, gateway_txn_no, method, status, void_reason) VALUES (15000.00, 0.00, '2026-06-26 22:35:00+00', 299, '2026-06-26 22:35:00+00', NULL, 299, NULL, NULL, NULL, NULL, NULL, 'VNPAY', 'PAID', NULL);
INSERT INTO public.payment (amount, penalty_amount, created_at, id, paid_at, processed_by_staff_id, session_id, voided_at, description, gateway_ref, gateway_response_code, gateway_txn_no, method, status, void_reason) VALUES (50000.00, 0.00, '2026-06-27 19:36:00+00', 300, '2026-06-27 19:36:00+00', NULL, 300, NULL, NULL, NULL, NULL, NULL, 'VNPAY', 'PAID', NULL);
INSERT INTO public.payment (amount, penalty_amount, created_at, id, paid_at, processed_by_staff_id, session_id, voided_at, description, gateway_ref, gateway_response_code, gateway_txn_no, method, status, void_reason) VALUES (45000.00, 0.00, '2026-06-27 12:01:00+00', 301, '2026-06-27 12:01:00+00', NULL, 301, NULL, NULL, NULL, NULL, NULL, 'CASH', 'PAID', NULL);
INSERT INTO public.payment (amount, penalty_amount, created_at, id, paid_at, processed_by_staff_id, session_id, voided_at, description, gateway_ref, gateway_response_code, gateway_txn_no, method, status, void_reason) VALUES (60000.00, 0.00, '2026-06-27 16:50:00+00', 302, '2026-06-27 16:50:00+00', NULL, 302, NULL, NULL, NULL, NULL, NULL, 'VNPAY', 'PAID', NULL);
INSERT INTO public.payment (amount, penalty_amount, created_at, id, paid_at, processed_by_staff_id, session_id, voided_at, description, gateway_ref, gateway_response_code, gateway_txn_no, method, status, void_reason) VALUES (45000.00, 0.00, '2026-06-27 14:19:00+00', 303, '2026-06-27 14:19:00+00', NULL, 303, NULL, NULL, NULL, NULL, NULL, 'VNPAY', 'PAID', NULL);
INSERT INTO public.payment (amount, penalty_amount, created_at, id, paid_at, processed_by_staff_id, session_id, voided_at, description, gateway_ref, gateway_response_code, gateway_txn_no, method, status, void_reason) VALUES (20000.00, 0.00, '2026-06-27 10:40:00+00', 304, '2026-06-27 10:40:00+00', NULL, 304, NULL, NULL, NULL, NULL, NULL, 'CASH', 'PAID', NULL);
INSERT INTO public.payment (amount, penalty_amount, created_at, id, paid_at, processed_by_staff_id, session_id, voided_at, description, gateway_ref, gateway_response_code, gateway_txn_no, method, status, void_reason) VALUES (10000.00, 0.00, '2026-06-27 20:59:00+00', 305, '2026-06-27 20:59:00+00', NULL, 305, NULL, NULL, NULL, NULL, NULL, 'VNPAY', 'PAID', NULL);
INSERT INTO public.payment (amount, penalty_amount, created_at, id, paid_at, processed_by_staff_id, session_id, voided_at, description, gateway_ref, gateway_response_code, gateway_txn_no, method, status, void_reason) VALUES (20000.00, 0.00, '2026-06-27 18:53:00+00', 306, '2026-06-27 18:53:00+00', NULL, 306, NULL, NULL, NULL, NULL, NULL, 'ONLINE', 'PAID', NULL);
INSERT INTO public.payment (amount, penalty_amount, created_at, id, paid_at, processed_by_staff_id, session_id, voided_at, description, gateway_ref, gateway_response_code, gateway_txn_no, method, status, void_reason) VALUES (50000.00, 0.00, '2026-06-28 01:03:00+00', 307, '2026-06-28 01:03:00+00', NULL, 307, NULL, NULL, NULL, NULL, NULL, 'VNPAY', 'PAID', NULL);
INSERT INTO public.payment (amount, penalty_amount, created_at, id, paid_at, processed_by_staff_id, session_id, voided_at, description, gateway_ref, gateway_response_code, gateway_txn_no, method, status, void_reason) VALUES (30000.00, 0.00, '2026-06-28 00:06:00+00', 308, '2026-06-28 00:06:00+00', NULL, 308, NULL, NULL, NULL, NULL, NULL, 'ONLINE', 'PAID', NULL);
INSERT INTO public.payment (amount, penalty_amount, created_at, id, paid_at, processed_by_staff_id, session_id, voided_at, description, gateway_ref, gateway_response_code, gateway_txn_no, method, status, void_reason) VALUES (45000.00, 0.00, '2026-06-27 11:13:00+00', 309, '2026-06-27 11:13:00+00', NULL, 309, NULL, NULL, NULL, NULL, NULL, 'ONLINE', 'PAID', NULL);
INSERT INTO public.payment (amount, penalty_amount, created_at, id, paid_at, processed_by_staff_id, session_id, voided_at, description, gateway_ref, gateway_response_code, gateway_txn_no, method, status, void_reason) VALUES (20000.00, 0.00, '2026-06-27 19:29:00+00', 310, '2026-06-27 19:29:00+00', NULL, 310, NULL, NULL, NULL, NULL, NULL, 'ONLINE', 'PAID', NULL);
INSERT INTO public.payment (amount, penalty_amount, created_at, id, paid_at, processed_by_staff_id, session_id, voided_at, description, gateway_ref, gateway_response_code, gateway_txn_no, method, status, void_reason) VALUES (30000.00, 0.00, '2026-06-27 13:57:00+00', 311, '2026-06-27 13:57:00+00', NULL, 311, NULL, NULL, NULL, NULL, NULL, 'ONLINE', 'PAID', NULL);
INSERT INTO public.payment (amount, penalty_amount, created_at, id, paid_at, processed_by_staff_id, session_id, voided_at, description, gateway_ref, gateway_response_code, gateway_txn_no, method, status, void_reason) VALUES (60000.00, 0.00, '2026-06-27 23:11:00+00', 312, '2026-06-27 23:11:00+00', NULL, 312, NULL, NULL, NULL, NULL, NULL, 'VNPAY', 'PAID', NULL);
INSERT INTO public.payment (amount, penalty_amount, created_at, id, paid_at, processed_by_staff_id, session_id, voided_at, description, gateway_ref, gateway_response_code, gateway_txn_no, method, status, void_reason) VALUES (10000.00, 0.00, '2026-06-28 09:15:00+00', 313, '2026-06-28 09:15:00+00', NULL, 313, NULL, NULL, NULL, NULL, NULL, 'CASH', 'PAID', NULL);
INSERT INTO public.payment (amount, penalty_amount, created_at, id, paid_at, processed_by_staff_id, session_id, voided_at, description, gateway_ref, gateway_response_code, gateway_txn_no, method, status, void_reason) VALUES (60000.00, 0.00, '2026-06-28 21:56:00+00', 314, '2026-06-28 21:56:00+00', NULL, 314, NULL, NULL, NULL, NULL, NULL, 'CASH', 'PAID', NULL);
INSERT INTO public.payment (amount, penalty_amount, created_at, id, paid_at, processed_by_staff_id, session_id, voided_at, description, gateway_ref, gateway_response_code, gateway_txn_no, method, status, void_reason) VALUES (50000.00, 0.00, '2026-06-28 19:06:00+00', 315, '2026-06-28 19:06:00+00', NULL, 315, NULL, NULL, NULL, NULL, NULL, 'CASH', 'PAID', NULL);
INSERT INTO public.payment (amount, penalty_amount, created_at, id, paid_at, processed_by_staff_id, session_id, voided_at, description, gateway_ref, gateway_response_code, gateway_txn_no, method, status, void_reason) VALUES (30000.00, 0.00, '2026-06-28 10:28:00+00', 316, '2026-06-28 10:28:00+00', NULL, 316, NULL, NULL, NULL, NULL, NULL, 'ONLINE', 'PAID', NULL);
INSERT INTO public.payment (amount, penalty_amount, created_at, id, paid_at, processed_by_staff_id, session_id, voided_at, description, gateway_ref, gateway_response_code, gateway_txn_no, method, status, void_reason) VALUES (90000.00, 0.00, '2026-06-28 23:19:00+00', 317, '2026-06-28 23:19:00+00', NULL, 317, NULL, NULL, NULL, NULL, NULL, 'CASH', 'PAID', NULL);
INSERT INTO public.payment (amount, penalty_amount, created_at, id, paid_at, processed_by_staff_id, session_id, voided_at, description, gateway_ref, gateway_response_code, gateway_txn_no, method, status, void_reason) VALUES (90000.00, 0.00, '2026-06-29 01:05:00+00', 318, '2026-06-29 01:05:00+00', NULL, 318, NULL, NULL, NULL, NULL, NULL, 'CASH', 'PAID', NULL);
INSERT INTO public.payment (amount, penalty_amount, created_at, id, paid_at, processed_by_staff_id, session_id, voided_at, description, gateway_ref, gateway_response_code, gateway_txn_no, method, status, void_reason) VALUES (45000.00, 0.00, '2026-06-28 11:44:00+00', 319, '2026-06-28 11:44:00+00', NULL, 319, NULL, NULL, NULL, NULL, NULL, 'ONLINE', 'PAID', NULL);
INSERT INTO public.payment (amount, penalty_amount, created_at, id, paid_at, processed_by_staff_id, session_id, voided_at, description, gateway_ref, gateway_response_code, gateway_txn_no, method, status, void_reason) VALUES (15000.00, 0.00, '2026-06-28 10:55:00+00', 320, '2026-06-28 10:55:00+00', NULL, 320, NULL, NULL, NULL, NULL, NULL, 'ONLINE', 'PAID', NULL);
INSERT INTO public.payment (amount, penalty_amount, created_at, id, paid_at, processed_by_staff_id, session_id, voided_at, description, gateway_ref, gateway_response_code, gateway_txn_no, method, status, void_reason) VALUES (15000.00, 0.00, '2026-06-28 22:42:00+00', 321, '2026-06-28 22:42:00+00', NULL, 321, NULL, NULL, NULL, NULL, NULL, 'VNPAY', 'PAID', NULL);
INSERT INTO public.payment (amount, penalty_amount, created_at, id, paid_at, processed_by_staff_id, session_id, voided_at, description, gateway_ref, gateway_response_code, gateway_txn_no, method, status, void_reason) VALUES (20000.00, 0.00, '2026-06-28 23:48:00+00', 322, '2026-06-28 23:48:00+00', NULL, 322, NULL, NULL, NULL, NULL, NULL, 'VNPAY', 'PAID', NULL);
INSERT INTO public.payment (amount, penalty_amount, created_at, id, paid_at, processed_by_staff_id, session_id, voided_at, description, gateway_ref, gateway_response_code, gateway_txn_no, method, status, void_reason) VALUES (45000.00, 0.00, '2026-06-28 11:26:00+00', 323, '2026-06-28 11:26:00+00', NULL, 323, NULL, NULL, NULL, NULL, NULL, 'ONLINE', 'PAID', NULL);
INSERT INTO public.payment (amount, penalty_amount, created_at, id, paid_at, processed_by_staff_id, session_id, voided_at, description, gateway_ref, gateway_response_code, gateway_txn_no, method, status, void_reason) VALUES (90000.00, 0.00, '2026-06-29 13:18:00+00', 324, '2026-06-29 13:18:00+00', NULL, 324, NULL, NULL, NULL, NULL, NULL, 'ONLINE', 'PAID', NULL);
INSERT INTO public.payment (amount, penalty_amount, created_at, id, paid_at, processed_by_staff_id, session_id, voided_at, description, gateway_ref, gateway_response_code, gateway_txn_no, method, status, void_reason) VALUES (30000.00, 0.00, '2026-06-30 01:55:00+00', 325, '2026-06-30 01:55:00+00', NULL, 325, NULL, NULL, NULL, NULL, NULL, 'VNPAY', 'PAID', NULL);
INSERT INTO public.payment (amount, penalty_amount, created_at, id, paid_at, processed_by_staff_id, session_id, voided_at, description, gateway_ref, gateway_response_code, gateway_txn_no, method, status, void_reason) VALUES (40000.00, 0.00, '2026-06-29 11:34:00+00', 326, '2026-06-29 11:34:00+00', NULL, 326, NULL, NULL, NULL, NULL, NULL, 'ONLINE', 'PAID', NULL);
INSERT INTO public.payment (amount, penalty_amount, created_at, id, paid_at, processed_by_staff_id, session_id, voided_at, description, gateway_ref, gateway_response_code, gateway_txn_no, method, status, void_reason) VALUES (15000.00, 0.00, '2026-06-29 20:36:00+00', 327, '2026-06-29 20:36:00+00', NULL, 327, NULL, NULL, NULL, NULL, NULL, 'CASH', 'PAID', NULL);
INSERT INTO public.payment (amount, penalty_amount, created_at, id, paid_at, processed_by_staff_id, session_id, voided_at, description, gateway_ref, gateway_response_code, gateway_txn_no, method, status, void_reason) VALUES (45000.00, 0.00, '2026-06-29 15:05:00+00', 328, '2026-06-29 15:05:00+00', NULL, 328, NULL, NULL, NULL, NULL, NULL, 'CASH', 'PAID', NULL);
INSERT INTO public.payment (amount, penalty_amount, created_at, id, paid_at, processed_by_staff_id, session_id, voided_at, description, gateway_ref, gateway_response_code, gateway_txn_no, method, status, void_reason) VALUES (15000.00, 0.00, '2026-06-29 22:45:00+00', 329, '2026-06-29 22:45:00+00', NULL, 329, NULL, NULL, NULL, NULL, NULL, 'VNPAY', 'PAID', NULL);
INSERT INTO public.payment (amount, penalty_amount, created_at, id, paid_at, processed_by_staff_id, session_id, voided_at, description, gateway_ref, gateway_response_code, gateway_txn_no, method, status, void_reason) VALUES (15000.00, 0.00, '2026-06-29 08:02:00+00', 330, '2026-06-29 08:02:00+00', NULL, 330, NULL, NULL, NULL, NULL, NULL, 'VNPAY', 'PAID', NULL);
INSERT INTO public.payment (amount, penalty_amount, created_at, id, paid_at, processed_by_staff_id, session_id, voided_at, description, gateway_ref, gateway_response_code, gateway_txn_no, method, status, void_reason) VALUES (15000.00, 0.00, '2026-06-29 09:14:00+00', 331, '2026-06-29 09:14:00+00', NULL, 331, NULL, NULL, NULL, NULL, NULL, 'ONLINE', 'PAID', NULL);
INSERT INTO public.payment (amount, penalty_amount, created_at, id, paid_at, processed_by_staff_id, session_id, voided_at, description, gateway_ref, gateway_response_code, gateway_txn_no, method, status, void_reason) VALUES (60000.00, 0.00, '2026-06-29 16:28:00+00', 332, '2026-06-29 16:28:00+00', NULL, 332, NULL, NULL, NULL, NULL, NULL, 'CASH', 'PAID', NULL);
INSERT INTO public.payment (amount, penalty_amount, created_at, id, paid_at, processed_by_staff_id, session_id, voided_at, description, gateway_ref, gateway_response_code, gateway_txn_no, method, status, void_reason) VALUES (10000.00, 0.00, '2026-06-29 20:22:00+00', 333, '2026-06-29 20:22:00+00', NULL, 333, NULL, NULL, NULL, NULL, NULL, 'ONLINE', 'PAID', NULL);
INSERT INTO public.payment (amount, penalty_amount, created_at, id, paid_at, processed_by_staff_id, session_id, voided_at, description, gateway_ref, gateway_response_code, gateway_txn_no, method, status, void_reason) VALUES (10000.00, 0.00, '2026-06-29 20:40:00+00', 334, '2026-06-29 20:40:00+00', NULL, 334, NULL, NULL, NULL, NULL, NULL, 'VNPAY', 'PAID', NULL);
INSERT INTO public.payment (amount, penalty_amount, created_at, id, paid_at, processed_by_staff_id, session_id, voided_at, description, gateway_ref, gateway_response_code, gateway_txn_no, method, status, void_reason) VALUES (25000.00, 0.00, '2026-06-29 21:35:00+00', 335, '2026-06-29 21:35:00+00', NULL, 335, NULL, NULL, NULL, NULL, NULL, 'ONLINE', 'PAID', NULL);
INSERT INTO public.payment (amount, penalty_amount, created_at, id, paid_at, processed_by_staff_id, session_id, voided_at, description, gateway_ref, gateway_response_code, gateway_txn_no, method, status, void_reason) VALUES (50000.00, 0.00, '2026-06-29 23:17:00+00', 336, '2026-06-29 23:17:00+00', NULL, 336, NULL, NULL, NULL, NULL, NULL, 'VNPAY', 'PAID', NULL);
INSERT INTO public.payment (amount, penalty_amount, created_at, id, paid_at, processed_by_staff_id, session_id, voided_at, description, gateway_ref, gateway_response_code, gateway_txn_no, method, status, void_reason) VALUES (15000.00, 0.00, '2026-06-27 11:57:33.493455+00', 337, NULL, NULL, 337, '2026-06-27 12:07:33.493455+00', NULL, NULL, NULL, NULL, 'CASH', 'VOIDED', 'Duplicate charge corrected');
INSERT INTO public.payment (amount, penalty_amount, created_at, id, paid_at, processed_by_staff_id, session_id, voided_at, description, gateway_ref, gateway_response_code, gateway_txn_no, method, status, void_reason) VALUES (15000.00, 0.00, '2026-06-26 11:57:33.493795+00', 338, NULL, NULL, 338, '2026-06-26 12:07:33.493795+00', NULL, NULL, NULL, NULL, 'CASH', 'VOIDED', 'Customer complaint — staff override');
INSERT INTO public.payment (amount, penalty_amount, created_at, id, paid_at, processed_by_staff_id, session_id, voided_at, description, gateway_ref, gateway_response_code, gateway_txn_no, method, status, void_reason) VALUES (15000.00, 0.00, '2026-06-25 11:57:33.494114+00', 339, NULL, NULL, 339, '2026-06-25 12:07:33.494114+00', NULL, NULL, NULL, NULL, 'CASH', 'VOIDED', 'Duplicate charge corrected');
INSERT INTO public.payment (amount, penalty_amount, created_at, id, paid_at, processed_by_staff_id, session_id, voided_at, description, gateway_ref, gateway_response_code, gateway_txn_no, method, status, void_reason) VALUES (5000.00, 0.00, '2026-06-24 11:57:33.494424+00', 340, NULL, NULL, 340, '2026-06-24 12:07:33.494424+00', NULL, NULL, NULL, NULL, 'CASH', 'VOIDED', 'Customer complaint — staff override');
INSERT INTO public.payment (amount, penalty_amount, created_at, id, paid_at, processed_by_staff_id, session_id, voided_at, description, gateway_ref, gateway_response_code, gateway_txn_no, method, status, void_reason) VALUES (10000.00, 0.00, '2026-06-30 12:57:33.499948+00', 341, NULL, NULL, 345, NULL, NULL, NULL, NULL, NULL, NULL, 'PENDING', NULL);
INSERT INTO public.payment (amount, penalty_amount, created_at, id, paid_at, processed_by_staff_id, session_id, voided_at, description, gateway_ref, gateway_response_code, gateway_txn_no, method, status, void_reason) VALUES (9000.00, 0.00, '2026-06-30 12:57:33.500258+00', 342, '2026-06-30 09:57:33.500259+00', NULL, 346, NULL, NULL, NULL, NULL, NULL, 'VNPAY', 'PAID', NULL);
INSERT INTO public.payment (amount, penalty_amount, created_at, id, paid_at, processed_by_staff_id, session_id, voided_at, description, gateway_ref, gateway_response_code, gateway_txn_no, method, status, void_reason) VALUES (5000.00, 0.00, '2026-06-30 12:57:33.500569+00', 343, '2026-06-30 08:57:33.500569+00', NULL, 347, NULL, NULL, NULL, NULL, NULL, 'VNPAY', 'PAID', NULL);
INSERT INTO public.payment (amount, penalty_amount, created_at, id, paid_at, processed_by_staff_id, session_id, voided_at, description, gateway_ref, gateway_response_code, gateway_txn_no, method, status, void_reason) VALUES (5000.00, 0.00, '2026-06-30 12:57:33.507474+00', 344, '2026-06-30 12:57:33.507474+00', NULL, NULL, NULL, 'Reservation deposit · 51A-999.99 · A-10', NULL, NULL, NULL, 'VNPAY', 'PAID', NULL);
INSERT INTO public.payment (amount, penalty_amount, created_at, id, paid_at, processed_by_staff_id, session_id, voided_at, description, gateway_ref, gateway_response_code, gateway_txn_no, method, status, void_reason) VALUES (100000.00, 0.00, '2026-06-30 12:57:33.512365+00', 345, '2026-06-25 12:57:33.512377+00', NULL, NULL, NULL, 'Monthly pass · 59C-678.90 · Motorbike', NULL, NULL, NULL, 'ONLINE', 'PAID', NULL);
INSERT INTO public.payment (amount, penalty_amount, created_at, id, paid_at, processed_by_staff_id, session_id, voided_at, description, gateway_ref, gateway_response_code, gateway_txn_no, method, status, void_reason) VALUES (200000.00, 0.00, '2026-06-30 12:57:33.513436+00', 346, '2026-06-28 12:57:33.513436+00', NULL, NULL, NULL, NULL, NULL, NULL, NULL, 'CASH', 'PAID', NULL);
INSERT INTO public.payment (amount, penalty_amount, created_at, id, paid_at, processed_by_staff_id, session_id, voided_at, description, gateway_ref, gateway_response_code, gateway_txn_no, method, status, void_reason) VALUES (200000.00, 0.00, '2026-06-30 12:57:33.514052+00', 347, '2026-05-21 12:57:33.514053+00', NULL, NULL, NULL, NULL, NULL, NULL, NULL, 'VNPAY', 'PAID', NULL);
INSERT INTO public.payment (amount, penalty_amount, created_at, id, paid_at, processed_by_staff_id, session_id, voided_at, description, gateway_ref, gateway_response_code, gateway_txn_no, method, status, void_reason) VALUES (200000.00, 0.00, '2026-06-30 12:57:33.51446+00', 348, '2026-06-20 12:57:33.514461+00', NULL, NULL, NULL, NULL, NULL, NULL, NULL, 'CASH', 'PAID', NULL);
INSERT INTO public.payment (amount, penalty_amount, created_at, id, paid_at, processed_by_staff_id, session_id, voided_at, description, gateway_ref, gateway_response_code, gateway_txn_no, method, status, void_reason) VALUES (100000.00, 0.00, '2026-06-30 12:57:33.514856+00', 349, NULL, NULL, NULL, NULL, NULL, NULL, NULL, NULL, 'ONLINE', 'PENDING', NULL);


--
-- Data for Name: pricing_policy; Type: TABLE DATA; Schema: public; Owner: -
--

INSERT INTO public.pricing_policy (daily_cap, grace_minutes, is_active, monthly_pass_price, peak_multiplier, rate_per_hour, created_at, id, vehicle_type_id) VALUES (80000.00, 15, true, 200000.00, 1.50, 10000.00, '2026-06-30 12:57:33.261816+00', 1, 1);
INSERT INTO public.pricing_policy (daily_cap, grace_minutes, is_active, monthly_pass_price, peak_multiplier, rate_per_hour, created_at, id, vehicle_type_id) VALUES (30000.00, 15, true, 100000.00, 1.20, 5000.00, '2026-06-30 12:57:33.263841+00', 2, 2);
INSERT INTO public.pricing_policy (daily_cap, grace_minutes, is_active, monthly_pass_price, peak_multiplier, rate_per_hour, created_at, id, vehicle_type_id) VALUES (100000.00, 10, true, 300000.00, 1.50, 15000.00, '2026-06-30 12:57:33.264949+00', 3, 3);


--
-- Data for Name: reservation; Type: TABLE DATA; Schema: public; Owner: -
--

INSERT INTO public.reservation (deposit_amount, building_id, created_at, deposit_payment_id, hold_until, id, reserved_start, slot_id, user_id, vehicle_type_id, license_plate, reservation_type, status, allocation_score) VALUES (5000.00, 1, '2026-06-30 12:57:33.507716+00', 344, '2026-06-30 14:27:33.507707+00', 1, '2026-06-30 13:57:33.507707+00', 10, 4, 1, '51A-999.99', 'PAID', 'PENDING', NULL);
INSERT INTO public.reservation (deposit_amount, building_id, created_at, deposit_payment_id, hold_until, id, reserved_start, slot_id, user_id, vehicle_type_id, license_plate, reservation_type, status, allocation_score) VALUES (NULL, 1, '2026-06-30 12:57:33.508451+00', NULL, '2026-06-30 14:57:33.50845+00', 2, '2026-06-30 14:27:33.508453+00', NULL, 4, 1, '51A-888.88', 'FREE', 'PENDING', NULL);
INSERT INTO public.reservation (deposit_amount, building_id, created_at, deposit_payment_id, hold_until, id, reserved_start, slot_id, user_id, vehicle_type_id, license_plate, reservation_type, status, allocation_score) VALUES (5000.00, 1, '2026-06-30 12:57:33.511326+00', NULL, '2026-06-29 12:57:33.511324+00', 3, '2026-06-29 13:57:33.511328+00', 11, 5, 1, '51F-123.45', 'PAID', 'FULFILLED', NULL);
INSERT INTO public.reservation (deposit_amount, building_id, created_at, deposit_payment_id, hold_until, id, reserved_start, slot_id, user_id, vehicle_type_id, license_plate, reservation_type, status, allocation_score) VALUES (NULL, 1, '2026-06-30 12:57:33.5116+00', NULL, '2026-06-30 07:57:33.511598+00', 4, '2026-06-30 06:57:33.511601+00', NULL, 6, 2, '59C-678.90', 'FREE', 'CANCELLED', NULL);
INSERT INTO public.reservation (deposit_amount, building_id, created_at, deposit_payment_id, hold_until, id, reserved_start, slot_id, user_id, vehicle_type_id, license_plate, reservation_type, status, allocation_score) VALUES (5000.00, 1, '2026-06-30 12:57:33.51183+00', NULL, '2026-06-30 10:57:33.511829+00', 5, '2026-06-30 09:57:33.511832+00', 13, 7, 1, '51G-111.22', 'PAID', 'EXPIRED', NULL);
INSERT INTO public.reservation (deposit_amount, building_id, created_at, deposit_payment_id, hold_until, id, reserved_start, slot_id, user_id, vehicle_type_id, license_plate, reservation_type, status, allocation_score) VALUES (NULL, 1, '2026-06-30 12:57:33.512082+00', NULL, '2026-06-30 13:57:33.512081+00', 6, '2026-06-30 13:42:33.512082+00', NULL, 8, 2, '30A-333.44', 'FREE', 'PENDING', NULL);


--
-- Data for Name: users; Type: TABLE DATA; Schema: public; Owner: -
--

INSERT INTO public.users (active, created_at, id, email, full_name, password_hash, role) VALUES (true, '2026-06-30 12:57:32.688027+00', 1, 'admin@parkmaster.dev', 'Ada Admin', '$2a$10$DO4jP4WS93sOQRWvkyqnpuQmVDqpK/iA0DD1muznDYH6IRLdF5bky', 'ADMIN');
INSERT INTO public.users (active, created_at, id, email, full_name, password_hash, role) VALUES (true, '2026-06-30 12:57:32.753913+00', 2, 'manager@parkmaster.dev', 'Mai Manager', '$2a$10$0LBxm0ogffvhCNtaSA.vPeX63Bml2cO0Ec63XNMW9GiiNNais.ZLG', 'MANAGER');
INSERT INTO public.users (active, created_at, id, email, full_name, password_hash, role) VALUES (true, '2026-06-30 12:57:32.807313+00', 3, 'staff@parkmaster.dev', 'Sang Staff', '$2a$10$UqZMK556yUpg.hFfUChzPuRqghm5L8zbc19eXNg45Uwstsvhqt2b.', 'STAFF');
INSERT INTO public.users (active, created_at, id, email, full_name, password_hash, role) VALUES (true, '2026-06-30 12:57:32.860629+00', 4, 'driver@parkmaster.dev', 'Duc Driver', '$2a$10$CENsrhipmkBYKINw4fzw6eLlNYScwDFh65OtYXriM.y1oZmt9G7ui', 'USER');
INSERT INTO public.users (active, created_at, id, email, full_name, password_hash, role) VALUES (true, '2026-06-30 12:57:32.914958+00', 5, 'minh.nguyen@gmail.com', 'Nguyen Van Minh', '$2a$10$oprQZSoI5Y9PxMjnNNN7EO3FkysVwAnZcbd/KK/d1fyX7Jj.cLBd.', 'USER');
INSERT INTO public.users (active, created_at, id, email, full_name, password_hash, role) VALUES (true, '2026-06-30 12:57:32.969153+00', 6, 'lan.tran@gmail.com', 'Tran Thi Lan', '$2a$10$/eCWk9fA1d/.ydl.0MKnPeOBt.GiqNWYoCuZhGaupOjliPJkiQH1O', 'USER');
INSERT INTO public.users (active, created_at, id, email, full_name, password_hash, role) VALUES (true, '2026-06-30 12:57:33.023006+00', 7, 'nam.le@gmail.com', 'Le Hoang Nam', '$2a$10$H5UwzqfET.MjL4YXPAkswOc0r82fAd9IODaeQvdkLwyNa4SDfR922', 'USER');
INSERT INTO public.users (active, created_at, id, email, full_name, password_hash, role) VALUES (true, '2026-06-30 12:57:33.079071+00', 8, 'anh.pham@gmail.com', 'Pham Duc Anh', '$2a$10$wazUI97R.jK4KJLOY7WsseO5uIBAw4fN3uMliGMeagZd4X.DIrRHe', 'USER');
INSERT INTO public.users (active, created_at, id, email, full_name, password_hash, role) VALUES (true, '2026-06-30 12:57:33.13415+00', 9, 'mai.vo@gmail.com', 'Vo Thi Mai', '$2a$10$MRy76sy8vY8KgzTnqDtIzuESCLju34OKh/oDMBYuop36eq4SClzmi', 'USER');
INSERT INTO public.users (active, created_at, id, email, full_name, password_hash, role) VALUES (true, '2026-06-30 12:57:33.192585+00', 10, 'bao.hoang@gmail.com', 'Hoang Quoc Bao', '$2a$10$Vz/wqIvdheVUdiDvZ99Dl.lA6LPs/xRQAZOI1j8NjZVFCMxHgYJlq', 'USER');
INSERT INTO public.users (active, created_at, id, email, full_name, password_hash, role) VALUES (true, '2026-06-30 12:57:33.249612+00', 11, 'huong.dang@gmail.com', 'Dang Thi Huong', '$2a$10$WAjzw/BRkSBZgKRQhZybjOQbz2dHfT4lLyDb6xRv1kaw72kzJ46Ma', 'USER');


--
-- Data for Name: vehicle_type; Type: TABLE DATA; Schema: public; Owner: -
--

INSERT INTO public.vehicle_type (created_at, id, description, name) VALUES ('2026-06-30 12:57:33.254371+00', 1, 'Standard 4-wheel vehicle', 'Car');
INSERT INTO public.vehicle_type (created_at, id, description, name) VALUES ('2026-06-30 12:57:33.25618+00', 2, '2-wheel vehicle', 'Motorbike');
INSERT INTO public.vehicle_type (created_at, id, description, name) VALUES ('2026-06-30 12:57:33.257195+00', 3, 'Electric vehicle, charging bay', 'EV');


--
-- Name: exception_report_id_seq; Type: SEQUENCE SET; Schema: public; Owner: -
--

SELECT pg_catalog.setval('public.exception_report_id_seq', 6, true);


--
-- Name: feedback_id_seq; Type: SEQUENCE SET; Schema: public; Owner: -
--

SELECT pg_catalog.setval('public.feedback_id_seq', 12, true);


--
-- Name: floor_id_seq; Type: SEQUENCE SET; Schema: public; Owner: -
--

SELECT pg_catalog.setval('public.floor_id_seq', 6, true);


--
-- Name: monthly_pass_id_seq; Type: SEQUENCE SET; Schema: public; Owner: -
--

SELECT pg_catalog.setval('public.monthly_pass_id_seq', 5, true);


--
-- Name: parking_building_id_seq; Type: SEQUENCE SET; Schema: public; Owner: -
--

SELECT pg_catalog.setval('public.parking_building_id_seq', 2, true);


--
-- Name: parking_session_id_seq; Type: SEQUENCE SET; Schema: public; Owner: -
--

SELECT pg_catalog.setval('public.parking_session_id_seq', 352, true);


--
-- Name: parking_slot_id_seq; Type: SEQUENCE SET; Schema: public; Owner: -
--

SELECT pg_catalog.setval('public.parking_slot_id_seq', 86, true);


--
-- Name: password_reset_token_id_seq; Type: SEQUENCE SET; Schema: public; Owner: -
--

SELECT pg_catalog.setval('public.password_reset_token_id_seq', 1, false);


--
-- Name: payment_id_seq; Type: SEQUENCE SET; Schema: public; Owner: -
--

SELECT pg_catalog.setval('public.payment_id_seq', 349, true);


--
-- Name: pricing_policy_id_seq; Type: SEQUENCE SET; Schema: public; Owner: -
--

SELECT pg_catalog.setval('public.pricing_policy_id_seq', 3, true);


--
-- Name: reservation_id_seq; Type: SEQUENCE SET; Schema: public; Owner: -
--

SELECT pg_catalog.setval('public.reservation_id_seq', 6, true);


--
-- Name: users_id_seq; Type: SEQUENCE SET; Schema: public; Owner: -
--

SELECT pg_catalog.setval('public.users_id_seq', 11, true);


--
-- Name: vehicle_type_id_seq; Type: SEQUENCE SET; Schema: public; Owner: -
--

SELECT pg_catalog.setval('public.vehicle_type_id_seq', 3, true);


--
-- Name: exception_report exception_report_pkey; Type: CONSTRAINT; Schema: public; Owner: -
--

ALTER TABLE ONLY public.exception_report
    ADD CONSTRAINT exception_report_pkey PRIMARY KEY (id);


--
-- Name: feedback feedback_pkey; Type: CONSTRAINT; Schema: public; Owner: -
--

ALTER TABLE ONLY public.feedback
    ADD CONSTRAINT feedback_pkey PRIMARY KEY (id);


--
-- Name: feedback feedback_session_id_key; Type: CONSTRAINT; Schema: public; Owner: -
--

ALTER TABLE ONLY public.feedback
    ADD CONSTRAINT feedback_session_id_key UNIQUE (session_id);


--
-- Name: floor floor_pkey; Type: CONSTRAINT; Schema: public; Owner: -
--

ALTER TABLE ONLY public.floor
    ADD CONSTRAINT floor_pkey PRIMARY KEY (id);


--
-- Name: monthly_pass monthly_pass_pkey; Type: CONSTRAINT; Schema: public; Owner: -
--

ALTER TABLE ONLY public.monthly_pass
    ADD CONSTRAINT monthly_pass_pkey PRIMARY KEY (id);


--
-- Name: parking_building parking_building_pkey; Type: CONSTRAINT; Schema: public; Owner: -
--

ALTER TABLE ONLY public.parking_building
    ADD CONSTRAINT parking_building_pkey PRIMARY KEY (id);


--
-- Name: parking_session parking_session_pkey; Type: CONSTRAINT; Schema: public; Owner: -
--

ALTER TABLE ONLY public.parking_session
    ADD CONSTRAINT parking_session_pkey PRIMARY KEY (id);


--
-- Name: parking_session parking_session_ticket_code_key; Type: CONSTRAINT; Schema: public; Owner: -
--

ALTER TABLE ONLY public.parking_session
    ADD CONSTRAINT parking_session_ticket_code_key UNIQUE (ticket_code);


--
-- Name: parking_slot parking_slot_pkey; Type: CONSTRAINT; Schema: public; Owner: -
--

ALTER TABLE ONLY public.parking_slot
    ADD CONSTRAINT parking_slot_pkey PRIMARY KEY (id);


--
-- Name: password_reset_token password_reset_token_pkey; Type: CONSTRAINT; Schema: public; Owner: -
--

ALTER TABLE ONLY public.password_reset_token
    ADD CONSTRAINT password_reset_token_pkey PRIMARY KEY (id);


--
-- Name: password_reset_token password_reset_token_token_key; Type: CONSTRAINT; Schema: public; Owner: -
--

ALTER TABLE ONLY public.password_reset_token
    ADD CONSTRAINT password_reset_token_token_key UNIQUE (token);


--
-- Name: payment payment_gateway_ref_key; Type: CONSTRAINT; Schema: public; Owner: -
--

ALTER TABLE ONLY public.payment
    ADD CONSTRAINT payment_gateway_ref_key UNIQUE (gateway_ref);


--
-- Name: payment payment_pkey; Type: CONSTRAINT; Schema: public; Owner: -
--

ALTER TABLE ONLY public.payment
    ADD CONSTRAINT payment_pkey PRIMARY KEY (id);


--
-- Name: payment payment_session_id_key; Type: CONSTRAINT; Schema: public; Owner: -
--

ALTER TABLE ONLY public.payment
    ADD CONSTRAINT payment_session_id_key UNIQUE (session_id);


--
-- Name: pricing_policy pricing_policy_pkey; Type: CONSTRAINT; Schema: public; Owner: -
--

ALTER TABLE ONLY public.pricing_policy
    ADD CONSTRAINT pricing_policy_pkey PRIMARY KEY (id);


--
-- Name: pricing_policy pricing_policy_vehicle_type_id_key; Type: CONSTRAINT; Schema: public; Owner: -
--

ALTER TABLE ONLY public.pricing_policy
    ADD CONSTRAINT pricing_policy_vehicle_type_id_key UNIQUE (vehicle_type_id);


--
-- Name: reservation reservation_pkey; Type: CONSTRAINT; Schema: public; Owner: -
--

ALTER TABLE ONLY public.reservation
    ADD CONSTRAINT reservation_pkey PRIMARY KEY (id);


--
-- Name: users users_email_key; Type: CONSTRAINT; Schema: public; Owner: -
--

ALTER TABLE ONLY public.users
    ADD CONSTRAINT users_email_key UNIQUE (email);


--
-- Name: users users_pkey; Type: CONSTRAINT; Schema: public; Owner: -
--

ALTER TABLE ONLY public.users
    ADD CONSTRAINT users_pkey PRIMARY KEY (id);


--
-- Name: vehicle_type vehicle_type_name_key; Type: CONSTRAINT; Schema: public; Owner: -
--

ALTER TABLE ONLY public.vehicle_type
    ADD CONSTRAINT vehicle_type_name_key UNIQUE (name);


--
-- Name: vehicle_type vehicle_type_pkey; Type: CONSTRAINT; Schema: public; Owner: -
--

ALTER TABLE ONLY public.vehicle_type
    ADD CONSTRAINT vehicle_type_pkey PRIMARY KEY (id);


--
-- Name: parking_session fk47dwqx0uoltsp7fdpphhelcf2; Type: FK CONSTRAINT; Schema: public; Owner: -
--

ALTER TABLE ONLY public.parking_session
    ADD CONSTRAINT fk47dwqx0uoltsp7fdpphhelcf2 FOREIGN KEY (user_id) REFERENCES public.users(id);


--
-- Name: exception_report fk4dpflkm24rf8id87v75dv3it1; Type: FK CONSTRAINT; Schema: public; Owner: -
--

ALTER TABLE ONLY public.exception_report
    ADD CONSTRAINT fk4dpflkm24rf8id87v75dv3it1 FOREIGN KEY (session_id) REFERENCES public.parking_session(id);


--
-- Name: floor fk4ud3una9m5sg56d0ga0mo9gi2; Type: FK CONSTRAINT; Schema: public; Owner: -
--

ALTER TABLE ONLY public.floor
    ADD CONSTRAINT fk4ud3una9m5sg56d0ga0mo9gi2 FOREIGN KEY (building_id) REFERENCES public.parking_building(id);


--
-- Name: password_reset_token fk83nsrttkwkb6ym0anu051mtxn; Type: FK CONSTRAINT; Schema: public; Owner: -
--

ALTER TABLE ONLY public.password_reset_token
    ADD CONSTRAINT fk83nsrttkwkb6ym0anu051mtxn FOREIGN KEY (user_id) REFERENCES public.users(id);


--
-- Name: monthly_pass fk9ei7osf0mchkomvsgh82uxvo3; Type: FK CONSTRAINT; Schema: public; Owner: -
--

ALTER TABLE ONLY public.monthly_pass
    ADD CONSTRAINT fk9ei7osf0mchkomvsgh82uxvo3 FOREIGN KEY (payment_id) REFERENCES public.payment(id);


--
-- Name: parking_session fk9n8d2t145gbyg12ca5clbajg6; Type: FK CONSTRAINT; Schema: public; Owner: -
--

ALTER TABLE ONLY public.parking_session
    ADD CONSTRAINT fk9n8d2t145gbyg12ca5clbajg6 FOREIGN KEY (vehicle_type_id) REFERENCES public.vehicle_type(id);


--
-- Name: pricing_policy fkb79jgf0y6tk2q1edjeb7qw0rd; Type: FK CONSTRAINT; Schema: public; Owner: -
--

ALTER TABLE ONLY public.pricing_policy
    ADD CONSTRAINT fkb79jgf0y6tk2q1edjeb7qw0rd FOREIGN KEY (vehicle_type_id) REFERENCES public.vehicle_type(id);


--
-- Name: exception_report fkdw7ued6381oxly4xl24asikt6; Type: FK CONSTRAINT; Schema: public; Owner: -
--

ALTER TABLE ONLY public.exception_report
    ADD CONSTRAINT fkdw7ued6381oxly4xl24asikt6 FOREIGN KEY (reported_by) REFERENCES public.users(id);


--
-- Name: floor fkfi1u22q8vtb624t4nyesy4s8v; Type: FK CONSTRAINT; Schema: public; Owner: -
--

ALTER TABLE ONLY public.floor
    ADD CONSTRAINT fkfi1u22q8vtb624t4nyesy4s8v FOREIGN KEY (vehicle_type_id) REFERENCES public.vehicle_type(id);


--
-- Name: parking_slot fkg6ltredxjoe7d2p0qprxk1ywt; Type: FK CONSTRAINT; Schema: public; Owner: -
--

ALTER TABLE ONLY public.parking_slot
    ADD CONSTRAINT fkg6ltredxjoe7d2p0qprxk1ywt FOREIGN KEY (floor_id) REFERENCES public.floor(id);


--
-- Name: parking_session fkg8hxva0a5i7948p3qplfmuldd; Type: FK CONSTRAINT; Schema: public; Owner: -
--

ALTER TABLE ONLY public.parking_session
    ADD CONSTRAINT fkg8hxva0a5i7948p3qplfmuldd FOREIGN KEY (slot_id) REFERENCES public.parking_slot(id);


--
-- Name: monthly_pass fkgcd6xix2xykkle6llv7qix06h; Type: FK CONSTRAINT; Schema: public; Owner: -
--

ALTER TABLE ONLY public.monthly_pass
    ADD CONSTRAINT fkgcd6xix2xykkle6llv7qix06h FOREIGN KEY (user_id) REFERENCES public.users(id);


--
-- Name: reservation fkhblw0yo84x1ubat3hgv8j3j8g; Type: FK CONSTRAINT; Schema: public; Owner: -
--

ALTER TABLE ONLY public.reservation
    ADD CONSTRAINT fkhblw0yo84x1ubat3hgv8j3j8g FOREIGN KEY (vehicle_type_id) REFERENCES public.vehicle_type(id);


--
-- Name: payment fkm0k1f29dbn99astv4rumlwslb; Type: FK CONSTRAINT; Schema: public; Owner: -
--

ALTER TABLE ONLY public.payment
    ADD CONSTRAINT fkm0k1f29dbn99astv4rumlwslb FOREIGN KEY (session_id) REFERENCES public.parking_session(id);


--
-- Name: reservation fkn7uvxakyqyl9s8gmq1elm22f8; Type: FK CONSTRAINT; Schema: public; Owner: -
--

ALTER TABLE ONLY public.reservation
    ADD CONSTRAINT fkn7uvxakyqyl9s8gmq1elm22f8 FOREIGN KEY (slot_id) REFERENCES public.parking_slot(id);


--
-- Name: payment fko273j4cvdsa1glguxd961s50l; Type: FK CONSTRAINT; Schema: public; Owner: -
--

ALTER TABLE ONLY public.payment
    ADD CONSTRAINT fko273j4cvdsa1glguxd961s50l FOREIGN KEY (processed_by_staff_id) REFERENCES public.users(id);


--
-- Name: feedback fkokriwr9rra8qs90alwbcna6hn; Type: FK CONSTRAINT; Schema: public; Owner: -
--

ALTER TABLE ONLY public.feedback
    ADD CONSTRAINT fkokriwr9rra8qs90alwbcna6hn FOREIGN KEY (session_id) REFERENCES public.parking_session(id);


--
-- Name: monthly_pass fkout6q223okepxr74mcc5t5c16; Type: FK CONSTRAINT; Schema: public; Owner: -
--

ALTER TABLE ONLY public.monthly_pass
    ADD CONSTRAINT fkout6q223okepxr74mcc5t5c16 FOREIGN KEY (vehicle_type_id) REFERENCES public.vehicle_type(id);


--
-- Name: reservation fkpwil66nuye097gu92pgbtkboe; Type: FK CONSTRAINT; Schema: public; Owner: -
--

ALTER TABLE ONLY public.reservation
    ADD CONSTRAINT fkpwil66nuye097gu92pgbtkboe FOREIGN KEY (building_id) REFERENCES public.parking_building(id);


--
-- Name: feedback fkpwwmhguqianghvi1wohmtsm8l; Type: FK CONSTRAINT; Schema: public; Owner: -
--

ALTER TABLE ONLY public.feedback
    ADD CONSTRAINT fkpwwmhguqianghvi1wohmtsm8l FOREIGN KEY (user_id) REFERENCES public.users(id);


--
-- Name: reservation fkrea93581tgkq61mdl13hehami; Type: FK CONSTRAINT; Schema: public; Owner: -
--

ALTER TABLE ONLY public.reservation
    ADD CONSTRAINT fkrea93581tgkq61mdl13hehami FOREIGN KEY (user_id) REFERENCES public.users(id);


--
-- Name: reservation fksopg4mynp0yoo69ymuo31ck7m; Type: FK CONSTRAINT; Schema: public; Owner: -
--

ALTER TABLE ONLY public.reservation
    ADD CONSTRAINT fksopg4mynp0yoo69ymuo31ck7m FOREIGN KEY (deposit_payment_id) REFERENCES public.payment(id);


--
-- PostgreSQL database dump complete
--

\unrestrict DOSNZU2dQemtHkSqUBXNSoFBPSi55KUQZjPRwJsHZZo30Mne14xiFr88Xi5ZSIm

